1,2,5058,3.554325,2.842939,-0.449567,-0.493110
1,2,4942,-6.037775,-5.571456,6.261682,6.671075
2,1,10000,-7.827765,-6.653376,8.678504,7.261081
3,2,8139,-6.882802,-3.36835,6.70673,4.877791
3,2,1861,4.530488,5.898527,0.187926,-7.698983
4,3,4670,7.712657,2.798073,-2.950595,2.982699
4,3,3385,0.115623,-3.522183,6.829255,9.046346
4,3,1945,8.252724,4.847928,-3.847162,0.790474
5,3,2586,3.817047,5.437347,-2.228359,-3.550284
5,3,6207,-2.49131,0.916111,-1.305914,1.97213
5,3,1207,-4.388857,-2.273279,4.353511,5.403156
6,1,10000,5.501377,7.356448,-9.604508,-2.656183
7,1,10000,7.776097,5.34972,-8.676172,-4.693535
8,2,6297,-4.878942,-2.244981,7.059671,7.343599
8,2,3703,6.584632,6.98437,-4.900383,-5.657217
9,2,7009,8.529323,6.487603,-3.262396,-1.909708
9,2,2991,-3.736038,-1.612529,8.689665,4.860234
10,1,10000,-9.095059,-5.472562,5.370673,6.597798
11,1,10000,-4.535805,0.464479,8.756283,6.122739
12,1,10000,7.612701,8.874428,-4.956289,-2.690606
13,2,4465,3.014696,4.460615,3.044496,-1.652526
13,2,5535,-3.423227,-1.263406,7.946945,2.895761
14,1,10000,7.025567,5.431137,-7.189769,-5.114367
15,2,7767,6.498958,6.017351,-4.192506,-4.825848
15,2,2233,-2.215744,-2.405257,6.207619,5.164977
16,2,5459,-3.540964,-6.962534,7.494669,7.356002
16,2,4541,5.112719,5.356361,-2.76804,-1.641481
17,2,6133,1.179184,-0.620164,-2.475961,0.422324
17,2,3867,6.632305,5.454437,-5.289369,-3.658542
18,2,8131,-4.49238,-5.417647,6.071431,6.926026
18,2,1869,7.145052,3.93093,-2.045458,-3.47828
19,1,10000,8.355743,7.917363,-4.644452,-4.187405
20,2,9258,8.27968,7.501005,-4.461471,-5.090652
20,2,742,-0.725758,-1.393544,7.269871,6.44205
21,1,10000,-4.6088,-4.891858,8.614982,7.010973
22,2,3839,6.874263,4.55801,-2.856751,-2.974086
22,2,6161,-4.25671,-4.088462,7.330634,5.137367
23,2,8116,6.663096,6.70404,-6.248607,-4.749669
23,2,1884,-3.614089,-0.829244,5.994447,5.161134
24,3,6471,6.963192,6.475478,-2.554721,-6.144557
24,3,1219,-0.836468,-4.412323,5.903288,4.875055
24,3,2310,4.475761,1.823497,2.926065,4.869619
25,2,7424,-0.897402,-1.404056,2.255657,2.813145
25,2,2576,5.764467,5.402975,-2.57849,0.234221
26,1,10000,6.49105,8.164781,0.176514,-3.563352
27,2,8582,-2.492626,-6.385523,4.935217,6.336625
27,2,1418,5.989038,4.074775,2.036667,1.337869
28,2,4648,-4.283497,-4.499197,6.123012,3.789231
28,2,5352,7.408255,6.329128,-3.036072,-7.63903
29,2,7539,6.137915,6.99817,-4.996506,-3.536224
29,2,2461,-3.082421,-2.631419,5.611872,6.566988
30,3,6850,0.004647,8.882943,3.06215,-3.846938
30,3,2765,5.060993,8.892373,-0.508517,-5.352374
30,3,385,-5.956055,-1.988943,9.327544,5.41092
31,3,8100,-6.142143,-1.693685,7.584171,9.043283
31,3,983,6.216111,9.374226,-3.99781,-0.627207
31,3,917,1.432794,8.218244,1.567324,-0.586667
32,2,9316,6.589829,8.389683,-3.412401,-5.538823
32,2,684,-5.321187,-3.150444,5.783959,4.141606
33,1,10000,7.268096,6.295627,-3.44126,-3.575061
34,2,6310,7.633083,6.61571,-3.170503,-1.561243
34,2,3690,-4.435877,-1.243097,7.697725,6.919914
35,2,5709,0.691933,-5.187768,4.576161,6.292194
35,2,4291,6.711762,5.578906,-4.693352,-1.154694
36,2,6744,7.053735,6.171,-5.905866,-4.072997
36,2,3256,-4.168843,-4.927446,6.464936,6.861886
37,1,10000,-2.439766,-5.14934,6.204455,5.146377
38,1,10000,5.687755,5.367826,-7.415643,-4.976839
39,3,6439,-2.307183,-1.432772,7.038289,6.881453
39,3,3086,4.646872,6.924098,5.409255,0.958321
39,3,475,6.404427,7.081562,-1.080395,-1.44008
40,3,6095,6.443841,2.443183,-0.652709,1.446475
40,3,2134,3.403837,0.772865,6.091264,5.304558
40,3,1771,8.077351,6.695996,-3.228182,-2.705476
41,2,7503,5.600723,7.204764,-0.028595,-2.081919
41,2,2497,-3.953554,-2.135672,6.496694,8.43534
42,3,5710,6.667598,6.557847,-5.851622,-5.565563
42,3,2489,1.357636,0.877777,0.601781,0.097399
42,3,1801,-3.724533,-3.473952,6.725311,5.710335
43,2,4674,-0.299728,-2.331708,5.372865,7.021031
43,2,5326,8.904073,7.081477,-7.489939,-4.631492
44,2,7876,-5.339271,-6.064758,8.221432,5.984528
44,2,2124,6.805152,5.926555,-2.444548,-3.450503
45,2,4456,4.774054,7.725509,1.581159,4.305043
45,2,5544,-2.447864,1.329451,6.846749,8.23974
46,2,9515,-4.809259,-5.669878,7.359821,6.951291
46,2,485,6.117816,4.442191,-2.261463,0.120223
47,2,5976,0.944941,5.283718,5.474263,4.175808
47,2,4024,-5.705658,-2.179211,5.667213,7.028513
48,1,10000,-4.858278,-6.223772,5.968717,6.381657
49,2,1610,4.960144,6.296301,-3.504977,-3.665026
49,2,8390,-6.952165,-5.207862,7.782404,7.601606
50,2,8341,-5.023786,-3.950396,6.121466,6.036651
50,2,1659,6.96541,5.527976,-2.716396,-0.153238
51,2,1506,2.032086,3.155613,0.437744,1.333029
51,2,8494,-8.300776,-4.155821,6.537237,8.463491
52,2,6340,2.559503,6.645849,0.6934,0.259051
52,2,3660,-3.746292,-4.104651,5.13524,6.233277
53,1,10000,7.451778,8.524978,-4.641851,1.104631
54,2,8575,7.433332,8.318385,-2.497846,-7.909327
54,2,1425,-4.742744,-3.586497,8.041789,4.109246
55,2,3386,-5.185975,-3.895412,5.986581,7.455596
55,2,6614,6.009492,6.812599,-5.081641,-3.303084
56,2,4345,0.026165,-4.170042,3.552359,7.983864
56,2,5655,7.197179,6.743895,-5.140971,-3.129501
57,2,3819,-1.571697,-4.931306,4.427106,4.443202
57,2,6181,0.999276,1.059333,-1.139727,0.46381
58,3,6132,6.65237,6.520501,-6.999229,-6.486124
58,3,2240,-3.229617,-2.445952,6.022765,6.62018
58,3,1628,0.841787,0.620084,-0.427433,-0.355766
59,2,5468,-3.274073,-3.40861,8.925508,5.078578
59,2,4532,6.933551,6.65644,-2.079249,-5.799588
60,2,9928,3.314532,7.681649,-1.33062,-7.762282
60,2,72,-2.752359,-2.101516,4.973729,4.293161
61,2,9681,7.394993,5.933257,-5.379863,-5.536105
61,2,319,0.002367,-1.860316,6.33925,4.192068
62,2,1960,5.814493,7.423492,-0.834381,-4.665967
62,2,8040,-5.919465,-3.165497,9.662936,4.785256
63,2,6462,-5.162815,-7.011294,7.099957,7.186764
63,2,3538,6.003068,4.080413,-5.820695,1.167505
64,2,8985,5.817253,7.393136,-5.142119,-1.407435
64,2,1015,-0.010637,-1.799755,3.594116,5.410913
65,2,6831,5.857819,5.360686,-0.52628,-4.905356
65,2,3169,-4.625317,-2.965959,8.061817,4.848987
66,2,9835,9.596075,5.069599,1.06809,-4.174002
66,2,165,-0.143595,-3.160167,7.306127,5.205974
67,2,7938,-5.518961,-4.810292,7.122841,6.380715
67,2,2062,6.095543,7.717888,-1.245474,-5.126474
68,3,4471,5.299593,6.482472,-2.496854,-6.931628
68,3,1186,-6.899118,-0.316647,9.350935,3.431433
68,3,4343,-0.51528,3.914162,7.959869,-0.432326
69,2,8446,6.244402,6.525274,-6.8345,-5.709816
69,2,1554,-1.879944,-2.77973,5.286013,6.36519
70,1,10000,1.66418,5.080765,-1.591748,-2.798644
71,2,7521,-1.069848,6.620166,5.080409,-0.113681
71,2,2479,4.357034,7.242193,-0.637357,-4.75366
72,2,7543,-4.300905,0.65142,1.607253,0.289472
72,2,2457,6.422163,6.83102,-3.060501,-6.641497
73,2,8677,9.161448,4.439267,-6.640503,-1.20587
73,2,1323,2.728767,-0.591623,4.197496,5.306165
74,2,5336,5.493124,7.119583,-4.870719,-5.152648
74,2,4664,-3.19706,-3.466754,6.775291,5.705511
75,2,7695,4.734247,7.270815,-7.115303,-5.265529
75,2,2305,-6.115375,0.42762,5.125106,6.66746
76,2,7534,9.581265,6.038107,-3.418267,-4.542297
76,2,2466,-2.294061,-4.013129,7.172354,7.043709
77,2,9408,1.657031,-5.927638,0.435665,5.332424
77,2,592,-3.633877,-6.263797,5.231831,7.676807
78,2,4872,4.099797,8.674039,-6.505586,-4.391764
78,2,5128,-2.968951,-2.795002,5.722994,7.454432
79,2,6050,-1.630956,-2.015112,7.373753,7.772331
79,2,3950,5.884832,4.254057,-4.755378,0.473313
80,2,6668,-4.206389,-2.631195,8.19306,8.015305
80,2,3332,6.906149,6.447798,-3.23183,-2.474491
81,2,8028,-5.131427,-1.030135,6.749214,6.709069
81,2,1972,6.516365,4.283436,1.612319,3.119761
82,1,10000,-6.158317,-7.126514,5.132437,6.511747
83,1,10000,7.619078,6.929269,-5.49094,-3.993834
84,3,3165,5.847932,5.503119,-6.271891,-4.585275
84,3,5770,-0.04875,1.547148,-2.692814,0.544285
84,3,1065,-0.611042,-4.403367,3.454677,5.525488
85,1,10000,7.192517,7.129383,-5.390635,-5.404804
86,2,9260,6.788164,7.461856,-4.550134,-7.903587
86,2,740,-2.662853,-2.787892,6.792241,4.324605
87,2,9957,-1.356812,-8.22091,6.921267,6.360287
87,2,43,5.598771,3.721025,0.22902,0.373883
88,2,7988,-2.524136,-5.044403,5.421779,7.50305
88,2,2012,6.111283,6.252906,-4.11246,-2.977866
89,2,7935,-5.207901,-2.766901,7.335243,6.792373
89,2,2065,6.525054,6.159563,-4.301616,-2.326681
90,1,10000,1.026466,3.10961,6.209801,6.329239
91,2,9654,6.544734,8.386841,3.853917,-3.115831
91,2,346,-1.52022,-1.33243,6.861168,3.343293
92,2,6984,6.235933,4.176521,-5.056443,-3.087904
92,2,3016,1.376887,-0.503156,6.278365,4.303444
93,2,3369,5.947368,5.823626,0.865454,-1.724643
93,2,6631,-2.794998,-3.041698,7.156895,4.67474
94,3,4310,5.353848,2.028494,0.352453,3.33179
94,3,2638,5.449574,6.826192,-3.443811,-2.347733
94,3,3052,-6.720225,-4.950034,5.98244,9.207858
95,2,6293,-5.051076,-4.515819,6.212252,7.026865
95,2,3707,5.45585,6.233392,-4.145386,-1.455024
96,2,9009,-3.970758,-4.998245,5.183321,8.78037
96,2,991,5.245948,5.732264,2.977402,0.916755
97,1,10000,2.661515,6.71676,5.433156,3.313473
98,2,7681,8.82567,8.211839,-1.428119,-5.249707
98,2,2319,2.890704,7.424876,5.110394,1.22245
99,3,8146,5.648979,6.26921,3.687105,2.773314
99,3,1120,0.925348,-1.219096,5.561913,6.927684
99,3,734,6.422592,6.736313,-2.042747,-1.364376
100,2,2399,-5.683221,-1.757648,4.496675,0.796828
100,2,7601,-2.04348,-1.687579,2.87423,-0.484581
101,2,8684,6.798544,8.890873,-4.336147,-5.628328
101,2,1316,-3.222375,-0.370768,5.998736,5.081834
102,2,7029,-5.330396,-2.865443,7.695404,6.708408
102,2,2971,7.049999,6.743691,-3.262478,-1.996455
103,2,3407,6.165875,5.50561,-5.386255,-3.961059
103,2,6593,-6.223849,-6.409687,3.297785,8.02788
104,1,10000,5.926962,8.26855,-2.410898,-0.150142
105,2,8895,-4.448512,-1.297014,7.559457,6.688293
105,2,1105,7.442962,6.717873,-1.956547,-0.1853
106,2,8090,-1.729462,-5.12341,7.612652,6.632006
106,2,1910,7.255766,7.513549,-2.356886,-1.573513
107,2,7100,-6.463448,-2.545268,6.677716,7.485134
107,2,2900,5.156168,6.303919,-5.206596,0.617832
108,2,8088,-3.773257,-6.414278,5.580555,4.326274
108,2,1912,7.549018,3.515465,0.479339,-0.120319
109,2,4368,4.346676,4.700166,-1.080473,-5.785508
109,2,5632,-7.602038,-5.725361,7.689552,6.675116
110,2,7269,4.251902,5.57272,-4.457161,-2.960426
110,2,2731,-5.642388,-3.621389,5.762802,5.643216
111,1,10000,-3.421842,-0.294348,6.882166,7.10676
112,3,514,-2.52321,-5.315552,5.950247,3.860919
112,3,4585,6.88939,6.247969,-4.05581,-7.187693
112,3,4901,0.609042,-0.015715,0.13293,-2.495003
113,2,7661,6.616428,8.61926,-3.28163,-4.590448
113,2,2339,-3.667957,-1.786351,5.833235,6.491783
114,1,10000,-4.011205,-0.899683,6.901284,5.567446
115,2,4376,7.199327,6.75062,-5.003922,-3.319703
115,2,5624,-3.424162,-5.380442,6.973961,5.57658
116,2,9980,-3.871335,-7.705335,8.943864,8.032179
116,2,20,6.605125,5.010075,-1.344332,-1.875531
117,2,8064,-0.990408,-2.216713,5.7635,6.028566
117,2,1936,5.715763,5.898623,0.532454,0.728052
118,1,10000,-0.351964,-1.27507,5.173634,6.243161
119,2,8373,-5.660688,-0.91204,6.715575,8.080014
119,2,1627,5.613136,7.328264,-2.891056,-4.559483
120,2,3288,5.877753,8.49949,-2.696452,-1.769197
120,2,6712,-3.514144,-2.509797,7.576456,9.320556
121,2,8019,7.912881,7.617877,-3.533556,-4.84689
121,2,1981,-0.629911,-2.583357,7.323069,6.606381
122,3,4840,8.706182,5.541086,-5.614244,-1.622622
122,3,4244,-4.062184,-3.468092,6.605681,6.360496
122,3,916,2.293148,0.752562,0.737369,0.638652
123,2,1319,4.925415,7.241929,-4.258461,-0.34759
123,2,8681,-2.555176,-3.31055,5.3867,6.874719
124,1,10000,-3.169168,-3.681744,8.192048,8.113241
125,2,9824,-1.758069,-4.746327,6.747766,6.188009
125,2,176,5.079409,5.895135,-2.402193,-0.036467
126,2,7480,-2.753519,-6.235629,5.875308,6.050357
126,2,2520,6.595918,6.089244,-4.649251,-5.514582
127,2,5268,-0.742073,-0.216234,3.475168,3.344576
127,2,4732,4.762906,5.318938,-5.588075,-3.09434
128,1,10000,9.019196,6.644841,-5.381802,-4.997759
129,2,5784,4.776569,7.603514,-6.172382,-5.118922
129,2,4216,-5.020294,-2.235153,5.909207,6.429542
130,2,3229,-4.712377,-5.063698,7.01209,5.654572
130,2,6771,6.382929,6.191991,-4.313924,-3.453889
131,1,10000,7.476458,6.600888,-9.137976,-2.713901
132,2,6382,-1.694763,-4.710802,2.665762,5.475751
132,2,3618,4.829543,5.985031,-2.673631,-1.798581
133,2,4502,1.826972,5.999744,8.647884,1.165218
133,2,5498,-0.653603,-0.45099,9.014129,6.668444
134,2,5935,-1.417509,-1.972253,7.29592,9.146749
134,2,4065,6.616506,7.064918,-1.548596,-3.319721
135,2,5200,-4.569709,-3.831927,8.051809,6.02461
135,2,4800,5.141126,7.951164,-3.049773,-4.486284
136,2,8829,6.680573,5.545485,-5.540652,-4.073739
136,2,1171,-1.494883,-5.593601,4.519721,6.807329
137,2,1051,-1.666915,-1.871858,4.038612,6.879508
137,2,8949,5.948037,7.919926,-5.984723,-5.521387
138,2,9789,9.763885,6.760076,-5.228869,-4.581256
138,2,211,1.015771,-1.173136,6.208257,3.697212
139,2,2907,-3.550259,-3.167631,5.974184,7.114367
139,2,7093,8.188527,7.600511,-1.784462,-1.412136
140,1,10000,6.117033,6.627182,-0.54284,-5.949702
141,1,10000,5.502253,9.342972,-4.843243,-1.890822
142,3,5725,-0.505772,-2.615398,8.001855,6.248754
142,3,3593,2.620737,-0.978847,1.02378,0.0159
142,3,682,7.333714,6.047704,-2.064083,-3.7153
143,3,1401,-3.45056,0.171949,6.979518,3.703529
143,3,6152,5.16901,6.884232,-5.808059,-6.510686
143,3,2447,-1.262403,1.025298,0.664267,-2.03808
144,2,7817,-0.711229,-4.096975,7.388965,7.614187
144,2,2183,6.876535,4.72601,-3.075464,-3.168082
145,1,10000,7.749478,7.881173,-2.90931,-3.080457
146,2,9920,-6.70485,-6.068256,7.0593,5.257275
146,2,80,5.554566,5.382634,-3.557279,-1.944824
147,3,4091,-6.302163,-3.216227,6.263694,5.397592
147,3,2386,-0.282445,0.595619,0.246089,0.239001
147,3,3523,6.272622,6.378336,-4.686911,-2.595961
148,2,7163,4.347732,6.732129,-0.908558,-3.554023
148,2,2837,-5.844516,-2.601191,8.385335,6.156486
149,1,10000,7.768419,8.477703,-6.263545,-5.944736
150,1,10000,-6.014249,-3.780526,7.823432,3.633484
151,2,9475,5.151943,5.432652,-7.708498,-7.59314
151,2,525,-4.742666,-1.802077,3.927237,4.849323
152,1,10000,6.415309,4.566267,-2.763001,-7.016519
153,2,7424,-1.25154,-6.812355,5.817236,8.106917
153,2,2576,8.166584,4.332185,1.201778,0.201267
154,2,9667,-6.42928,-5.165432,5.444082,8.321566
154,2,333,6.038675,5.717643,-6.23576,-0.842648
155,2,7094,-3.796679,-2.749514,5.488863,9.334242
155,2,2906,7.029521,7.330275,-3.871885,1.398733
156,2,1072,0.888179,0.939453,5.022786,2.949973
156,2,8928,6.944015,7.061549,-2.057316,-7.577752
157,2,3700,6.54126,7.313374,-3.289962,-2.643806
157,2,6300,-5.123664,-1.253373,7.59338,6.026553
158,2,6356,6.820936,6.122863,-3.913101,-4.466911
158,2,3644,-3.694911,-4.67976,5.97366,6.023151
159,2,9841,5.123759,6.726335,-5.379327,-3.584263
159,2,159,-3.968071,-0.907809,6.229242,5.878617
160,2,573,-4.549719,-3.053196,6.472363,4.607016
160,2,9427,6.100332,4.606886,-1.410875,-5.702672
161,2,6757,-4.639413,-1.431722,7.879709,7.328624
161,2,3243,6.233627,7.348953,-0.118068,-1.911008
162,2,7247,9.14972,6.478127,-2.098387,-7.104854
162,2,2753,1.041166,-2.496767,7.645575,6.149514
163,2,9011,-4.214983,0.810968,7.619358,8.356493
163,2,989,4.973277,7.790624,0.199328,-1.770115
164,3,7449,-6.342677,-3.921933,8.336768,7.502929
164,3,2152,5.472358,7.589137,-1.103758,-3.363829
164,3,399,0.387672,1.991573,0.836466,1.186538
165,2,9992,-4.303,-2.115096,6.893637,7.689791
165,2,8,5.726212,7.817968,-3.95665,0.090213
166,1,10000,-1.58126,0.293648,7.126659,7.78084
167,2,3970,5.269808,6.689461,-3.358897,-6.275316
167,2,6030,-5.585306,-0.528724,8.064046,5.123441
168,2,7766,-6.955638,-1.344633,4.48391,8.395178
168,2,2234,4.906236,7.814806,-4.599406,-2.455171
169,1,10000,-0.167897,3.565313,1.075505,-1.776043
170,2,7197,5.126162,6.875601,-2.650736,-5.278515
170,2,2803,-0.365541,-1.563228,6.212803,5.739513
171,2,7395,-2.809368,-4.422089,6.989417,8.273069
171,2,2605,5.280219,5.00504,-3.525691,-0.562479
172,2,6059,-4.514865,-6.667895,6.023315,4.171217
172,2,3941,5.988289,4.853171,-3.841029,-1.554287
173,2,8755,-6.971507,-4.855029,8.967551,6.494812
173,2,1245,5.38577,5.33539,1.37858,-3.1773
174,1,10000,8.516022,8.781604,-6.861688,-5.009231
175,2,3516,-6.160662,-3.418132,7.019575,7.742559
175,2,6484,3.20307,7.53191,-1.177879,-3.370032
176,2,7705,-2.818473,-2.393624,6.203651,8.501748
176,2,2295,6.474912,5.71657,-1.590514,-1.338219
177,4,2908,6.690518,6.438527,-2.298339,-4.107195
177,4,4752,-3.59976,-4.201127,5.123353,6.889961
177,4,436,6.11329,0.38706,1.305735,5.92724
177,4,1904,2.001733,3.770816,4.789321,1.673624
178,2,5859,7.353881,5.83218,-1.297841,-6.472036
178,2,4141,-4.711639,-6.340485,6.893492,5.202759
179,2,4789,5.282043,6.620034,-5.160524,-4.000446
179,2,5211,-4.667719,-2.25504,7.007087,6.834639
180,1,10000,4.476087,7.363834,-1.938002,-8.34377
181,3,1588,-1.927675,-4.586123,4.591822,7.623804
181,3,3774,2.462849,1.953288,-4.003121,0.989734
181,3,4638,6.706087,7.047662,-8.596241,-5.55695
182,1,10000,7.591804,8.703893,-0.905318,-3.211303
183,2,5621,-5.833304,-3.024676,6.294925,7.382643
183,2,4379,5.263179,6.490339,-1.11997,-1.843014
184,3,4627,-0.019456,1.198049,0.007968,-4.120328
184,3,2050,-5.267076,-4.555933,5.483016,7.396
184,3,3323,6.204009,6.132084,-4.595616,-4.561244
185,1,10000,-6.494399,-5.273229,7.899322,6.268498
186,2,6779,6.018893,4.479275,-2.795352,-3.080776
186,2,3221,-3.367713,-1.89498,5.985867,6.116673
187,2,9074,7.282282,6.020286,-3.333135,-6.52065
187,2,926,-3.24213,-1.564202,6.006903,5.846494
188,2,8782,8.709629,6.94434,-1.408073,-3.55084
188,2,1218,-0.517035,-1.946415,7.121295,3.579685
189,2,6765,-2.58779,-1.887319,-2.247139,1.259886
189,2,3235,-4.862649,-6.855616,4.072705,6.776524
190,1,10000,4.302633,8.012003,-8.269424,-5.300384
191,2,9665,-0.73404,3.083271,2.646978,-2.860271
191,2,335,5.719646,7.019206,-2.554496,-6.422562
192,2,8278,7.992511,6.899257,-4.222288,-3.031599
192,2,1722,1.442029,-0.867616,8.036275,6.669926
193,3,962,7.450904,4.555078,-4.900394,2.338559
193,3,7070,-5.597171,-1.897313,4.728099,9.520442
193,3,1968,7.262308,4.359409,0.861525,6.728218
194,1,10000,-3.950037,-4.164574,2.997431,5.551734
195,1,10000,-6.743176,-4.517316,7.37409,6.730293
196,2,9788,-3.742578,-4.27116,7.085773,6.785046
196,2,212,5.135714,5.972885,0.291558,-0.712144
197,1,10000,-6.102658,-5.659155,6.603069,8.541218
198,2,9659,6.745422,7.127858,-6.484962,-5.36098
198,2,341,0.792338,-1.18704,4.310536,5.943851
199,2,9921,-3.95106,-7.143755,8.380805,8.594859
199,2,79,5.617895,5.176983,-4.75622,-1.61346
200,2,3019,-2.776338,-2.149774,6.82067,5.661228
200,2,6981,6.443229,8.119101,-4.149402,-5.777114
201,3,2529,-3.460736,-4.990832,7.623324,6.739231
201,3,6204,6.082002,2.380407,0.957205,5.380114
201,3,1267,6.701304,5.258863,-2.988741,0.930757
202,2,2285,5.308301,5.722487,-2.851345,-5.679328
202,2,7715,-5.513944,-3.918076,8.680221,6.26876
203,1,10000,-6.232856,-5.413787,6.961226,5.48256
204,2,6006,-5.579928,-5.119122,4.791498,8.298231
204,2,3994,6.950186,6.270539,-4.347447,-2.00489
205,2,4396,-1.285608,-3.195129,4.043093,6.098139
205,2,5604,6.966035,5.839625,-3.809186,-2.914017
206,2,6590,-6.253631,-6.25125,4.421092,5.354621
206,2,3410,6.311688,5.170416,-5.452787,-5.799495
207,2,4821,-5.987783,-0.419453,5.946598,6.093625
207,2,5179,5.851873,7.170863,-1.479404,-5.669335
208,2,9703,-3.504853,-5.637081,7.083014,7.056835
208,2,297,6.595396,5.938038,-3.375342,0.542241
209,1,10000,-1.171956,0.736631,5.946889,7.763651
210,1,10000,-4.572152,-5.327569,6.565091,6.521661
211,1,10000,-7.603639,-4.137417,5.372631,6.376254
212,2,3174,-1.025118,-1.294794,9.489719,6.46879
212,2,6826,7.175605,8.168183,1.318486,-4.111946
213,3,5025,6.19,2.533203,-6.722245,-1.719933
213,3,2918,1.660329,-4.460677,-1.009146,0.325006
213,3,2057,0.642329,-7.283258,3.8113,3.892173
214,2,9256,-1.452186,-6.795324,4.359084,5.354249
214,2,744,6.000972,5.32769,-1.629276,-2.666924
215,2,3515,8.256753,7.460554,1.903009,-0.487463
215,2,6485,-1.287304,-1.898105,7.338622,7.35619
216,2,9222,8.175402,6.121734,-5.123107,-6.585124
216,2,778,-0.869107,-2.031668,7.452444,5.24547
217,1,10000,5.834363,7.091347,-3.73304,-7.886664
218,1,10000,6.27094,6.989274,-4.252283,-10.047979
219,2,6437,-5.229408,-5.447633,7.023118,5.457254
219,2,3563,6.266679,6.668649,-5.678264,-6.171999
220,2,7984,7.035188,8.638655,-5.158883,-5.717411
220,2,2016,-5.378421,-2.241852,3.321887,6.464758
221,2,5435,3.915903,6.035799,-3.702415,-1.642308
221,2,4565,-1.667577,-0.078552,5.799978,6.916328
222,1,10000,-5.245536,-4.654752,7.89123,6.194852
223,2,7553,-4.125153,-6.071312,5.898783,6.614108
223,2,2447,7.364855,5.608329,-5.281428,-3.732706
224,3,2528,6.889099,1.533922,1.200543,6.158276
224,3,7014,-4.271207,-3.379315,7.186734,8.6536
224,3,458,7.76258,6.96367,-0.42966,2.046509
225,1,10000,7.055433,6.66644,-6.211762,-3.482413
226,2,3692,7.196791,4.413813,-3.910737,-2.003424
226,2,6308,2.108812,-4.229434,5.789961,6.20645
227,1,10000,5.050877,6.897859,-2.123882,-2.907793
228,2,9601,-2.462525,-8.131639,3.886403,6.768157
228,2,399,4.885072,3.950416,-2.575526,-0.553112
229,2,5199,2.872955,6.661061,6.537566,3.160248
229,2,4801,-3.386734,-2.42234,7.678838,7.452462
230,2,4025,5.416044,5.652367,-4.399591,-1.436067
230,2,5975,-4.185081,-4.076291,6.723297,7.536113
231,2,7644,7.737479,8.607317,-1.4234,-5.032755
231,2,2356,-2.274996,-0.433883,5.701065,5.64631
232,1,10000,5.377414,5.193527,-6.158172,-3.950654
233,1,10000,6.269107,8.43473,-5.273309,0.416522
234,2,6737,7.417719,6.388155,-5.10295,-5.052293
234,2,3263,-2.686558,-0.899938,6.745974,7.023349
235,2,2682,5.347499,6.098793,-1.033958,-3.643972
235,2,7318,-4.542936,-3.509356,6.824775,8.194973
236,3,3894,-1.399844,2.212422,6.245462,2.18995
236,3,3090,4.307466,6.917971,2.701435,1.2957
236,3,3016,-3.689058,-2.809332,8.969594,7.111696
237,2,3951,-3.473871,-2.146642,6.230652,6.600429
237,2,6049,7.310468,3.430339,-5.593291,-1.093483
238,1,10000,-6.861086,-4.570522,5.471644,7.831139
239,2,8438,-1.933564,-4.723162,9.060916,5.017623
239,2,1562,6.725015,4.087475,1.937658,1.665645
240,2,8039,7.36299,5.836253,-7.332884,-3.259115
240,2,1961,1.394655,-2.352599,5.035192,7.078512
241,1,10000,-8.20104,-4.795559,6.850351,6.285051
242,1,10000,-12.258119,-2.198534,7.456218,6.767644
243,2,2235,6.427991,6.567208,-4.403849,-2.136588
243,2,7765,-2.771619,-0.839364,6.129536,6.883438
244,3,2854,4.94727,4.472944,3.716667,1.75877
244,3,7056,-2.550827,-5.312165,6.789619,6.031745
244,3,90,6.253879,4.510052,-1.829619,-3.759056
245,2,4706,6.806972,7.005499,0.411423,-3.390801
245,2,5294,-3.700653,-0.998261,6.663823,3.952458
246,2,7908,5.698261,6.930418,-6.975637,-3.336833
246,2,2092,-4.027621,-5.36091,4.244783,6.480671
247,2,8089,-6.81174,-0.822613,7.954391,5.744665
247,2,1911,5.871716,6.627093,-0.551637,-2.995701
248,2,1230,5.250987,5.140543,-1.951556,-4.744169
248,2,8770,-2.450353,-4.042069,4.118173,6.10834
249,2,6270,7.655043,6.799512,-4.474679,-2.221337
249,2,3730,0.615688,-4.691923,6.437246,5.648153
250,1,10000,8.305248,7.281186,-5.158889,-5.284286
251,2,9297,8.495857,7.914676,-6.173518,-4.802893
251,2,703,-2.298537,-2.54013,5.1937,6.086434
252,2,6832,7.078379,6.858149,-4.501626,-3.421246
252,2,3168,-3.009986,-3.180365,8.176622,6.749703
253,1,10000,-2.480514,-1.570395,7.488472,6.641923
254,2,6315,0.637503,-3.737637,8.402565,6.001281
254,2,3685,7.050712,6.953395,-4.342901,-2.959443
255,2,9100,-4.651104,-5.872305,7.718346,8.137087
255,2,900,5.35205,6.112293,-3.216836,0.84484
256,2,4848,6.534644,7.050158,-3.316556,-5.118719
256,2,5152,-4.609282,-2.922351,6.309952,5.290201
257,2,705,-2.86595,0.281585,6.859774,4.537498
257,2,9295,6.701347,7.618189,-1.667636,-8.495127
258,1,10000,0.28312,-4.246891,-0.849981,6.850891
259,2,9639,-3.906329,-5.151436,8.076133,7.515154
259,2,361,5.561369,5.788807,-1.834786,-1.443926
260,2,7687,5.933776,6.392429,-5.005942,-6.078386
260,2,2313,-1.187642,-2.68579,6.082829,5.890435
261,2,8682,7.947936,7.544991,-3.40773,-4.479539
261,2,1318,-4.40616,-3.593903,6.462537,5.700738
262,2,6881,6.24779,6.478691,-0.607319,-5.424519
262,2,3119,1.053079,-2.147244,6.63757,6.692953
263,1,10000,6.747396,6.475464,-1.191859,-6.819243
264,1,10000,1.303361,3.768934,5.343264,1.045389
265,2,6770,7.326931,5.737095,-5.050625,-1.941424
265,2,3230,-1.926994,-0.199497,5.194355,8.183962
266,2,672,4.951621,6.18252,-1.945466,-1.261343
266,2,9328,-2.776426,0.841603,8.23286,6.154197
267,2,1784,-5.410275,-3.802668,6.259908,6.419308
267,2,8216,7.24473,4.957304,-6.742803,-4.9205
268,1,10000,-2.35931,-5.896912,6.351396,6.836417
269,3,7334,-5.047166,-9.495258,8.189198,6.743136
269,3,1604,-0.438328,-3.097548,2.380667,1.597034
269,3,1062,5.885222,3.02449,-0.985362,-0.027163
270,2,8774,7.599959,6.257702,-5.845292,-6.532834
270,2,1226,1.490561,-3.630692,3.879201,2.325278
271,2,9820,8.884244,8.171406,-5.73058,-3.928108
271,2,180,0.400247,-2.085346,7.435243,8.010292
272,1,10000,-6.629576,-4.665742,6.407696,5.917104
273,2,7628,-2.048004,-0.676254,6.190871,6.609849
273,2,2372,7.694983,5.896791,-4.97481,-4.046165
274,2,8130,0.913889,-0.788955,5.791797,8.910914
274,2,1870,8.040144,6.140458,-0.293214,0.152667
275,2,6301,-3.242729,-4.044487,6.19536,7.813589
275,2,3699,9.038315,5.511159,-2.680957,-2.043585
276,1,10000,-6.701829,-2.624082,7.139987,7.501005
277,1,10000,1.629987,6.436485,7.863595,2.228079
278,3,6653,3.321497,1.913591,0.157482,-3.387738
278,3,2237,2.068446,-6.63645,4.322146,5.886042
278,3,1110,5.632961,4.314726,-3.485196,-3.684322
279,2,5873,7.456057,6.620773,-2.636026,-2.429653
279,2,4127,-2.214133,-5.83509,7.266719,6.124442
280,2,9671,-4.750397,-8.229269,6.47166,6.771798
280,2,329,4.456258,2.823943,-1.043508,-0.680467
281,2,4331,-0.205367,-7.978703,2.855043,7.267147
281,2,5669,5.209574,3.622342,-5.224913,-0.071581
282,1,10000,8.153787,7.538666,-4.506886,-5.100663
283,1,10000,6.557577,4.745117,-3.885442,-2.991806
284,2,7490,-6.54096,-1.810416,8.42275,5.180684
284,2,2510,6.207267,5.238026,-3.106252,-2.686242
285,2,5933,5.464855,3.020305,-5.797248,0.391302
285,2,4067,0.075742,-5.047082,-0.063716,3.275769
286,2,8705,6.628742,7.557535,-3.114036,-5.776323
286,2,1295,-5.672927,-0.301778,6.936137,5.626847
287,1,10000,4.370476,6.363553,-0.079299,-8.590696
288,2,3568,-2.680087,-4.335566,9.021688,5.596863
288,2,6432,6.703167,5.549878,0.491963,-6.578656
289,1,10000,7.185982,6.625795,-5.232753,-3.002968
290,1,10000,-7.220501,-4.431941,6.841037,7.132657
291,2,7441,-3.744396,-4.06717,6.345989,6.383113
291,2,2559,6.456088,4.546527,-2.333904,-0.208877
292,2,7033,-3.749979,0.856062,5.885532,4.451135
292,2,2967,7.27478,7.486975,-3.601246,-4.256873
293,2,8371,6.837602,6.530268,-5.676914,-1.338577
293,2,1629,1.064035,2.815674,4.620207,4.991272
294,3,4178,-5.395064,0.257254,8.681256,6.78666
294,3,1537,5.233295,8.920193,-0.019498,-1.125769
294,3,4285,1.842803,7.361431,4.597844,2.049276
295,2,2444,6.397126,2.813943,1.011645,2.511507
295,2,7556,-0.23615,-3.41548,7.325156,6.762582
296,1,10000,-7.18185,-5.158198,6.109859,3.743506
297,2,4459,6.584186,4.549249,-5.997385,-2.249531
297,2,5541,0.685823,0.960799,-2.049267,-0.47354
298,3,6732,0.432389,-2.900959,0.658558,-2.141116
298,3,1380,-5.584173,-3.234359,6.364362,3.636724
298,3,1888,4.883032,3.341957,-4.925438,-7.295745
299,2,9752,-0.597219,6.258856,1.442249,-3.901868
299,2,248,-4.756958,2.293779,6.836536,5.405653
300,2,4097,-1.436375,5.412273,8.097143,2.016511
300,2,5903,-6.263691,-3.945991,9.01983,7.500745
301,2,4085,-0.221118,-4.888793,4.867964,6.597928
301,2,5915,7.170634,3.60377,-3.475085,-0.364829
302,2,2099,-2.354429,-0.178271,6.370245,7.00408
302,2,7901,5.308259,7.811318,-0.733135,-4.609352
303,2,5057,6.288818,5.986053,0.699398,-4.515255
303,2,4943,-0.30932,-2.534034,8.485511,5.051471
304,2,9465,3.548075,5.110807,-2.817064,-1.226323
304,2,535,-3.503042,-1.009617,4.837806,4.632622
305,2,6313,5.91028,8.452976,-2.978462,-4.560135
305,2,3687,-5.767972,-1.794231,4.634874,7.729399
306,2,9411,-3.708012,-4.36876,6.910175,6.355884
306,2,589,7.126912,6.649791,-1.513682,-0.722733
307,3,6765,6.553262,6.234861,1.022545,0.310263
307,3,442,6.556162,6.234863,-1.437859,-3.979906
307,3,2793,3.937693,1.521568,5.53091,6.906377
308,2,4901,0.179143,0.727606,-4.906931,1.923683
308,2,5099,6.246462,6.565315,-8.986485,-2.277896
309,2,7857,-1.106072,-2.730736,6.570809,6.457665
309,2,2143,6.961264,6.21666,0.053239,-1.121048
310,2,5419,6.129569,6.278515,-5.282594,-2.757619
310,2,4581,-6.412418,-1.778017,6.144663,6.654961
311,2,7669,6.453796,6.207284,-3.34001,-3.133015
311,2,2331,-3.385817,-2.606042,7.140293,5.893855
312,3,6817,4.118736,5.144435,5.740696,2.654969
312,3,2697,6.07526,5.201689,-2.557244,-2.636496
312,3,486,1.14904,0.78522,6.762445,5.25826
313,3,5163,-3.964196,1.670418,5.36152,2.187882
313,3,4104,-6.502012,-3.592283,7.306446,7.733745
313,3,733,4.84207,6.59604,1.728851,-1.00474
314,2,9824,8.216359,7.291754,-5.208105,-4.028018
314,2,176,-2.189875,-3.137526,6.07055,4.597105
315,3,8626,-0.26516,-7.986669,6.972277,6.82645
315,3,951,6.562269,3.914705,-1.496436,-4.16556
315,3,423,3.56292,3.584797,5.189586,0.371324
316,2,5138,-4.591768,0.944306,7.711702,3.93355
316,2,4862,5.177045,7.489056,-2.425069,-4.10532
317,1,10000,8.001928,4.995883,-5.595201,-5.828765
318,1,10000,8.795895,7.751388,-6.068851,-1.990676
319,1,10000,-1.333279,-8.399629,6.130076,5.657185
320,2,9273,5.921342,6.783944,-9.194596,-2.315838
320,2,727,-1.564192,0.888731,1.983066,4.282279
321,2,9908,-9.085342,-5.463008,5.70891,6.63249
321,2,92,3.360404,5.296779,0.478974,-4.618582
322,2,8221,-4.277697,-6.253674,5.697498,4.614498
322,2,1779,5.137468,5.966617,-4.82391,-3.499184
323,1,10000,-4.107425,-2.983878,9.374695,7.741656
324,2,5044,-7.142828,-2.379698,6.290445,6.603521
324,2,4956,-7.123596,0.512014,1.289081,0.789414
325,2,7122,-6.287817,-4.242852,6.892335,7.55309
325,2,2878,6.618001,5.344332,-3.122504,-3.376708
326,2,3924,7.241197,6.439531,-5.373426,-5.190031
326,2,6076,0.750234,1.77179,-5.35444,0.480069
327,2,7811,7.19648,9.150315,-3.430283,-3.556249
327,2,2189,-2.971804,-2.945319,6.782986,6.74775
328,3,4780,-2.122667,0.660041,-0.686222,-0.376075
328,3,2385,-6.972048,-3.645273,5.373883,6.008379
328,3,2835,4.345764,5.271797,-5.426374,-6.310432
329,1,10000,7.461417,4.719141,-3.811531,-7.642562
330,1,10000,8.384806,7.0506,-5.433987,-4.206232
331,1,10000,-5.496582,-7.952874,5.367611,5.128721
332,2,8649,-3.081297,-5.647342,5.526842,6.190877
332,2,1351,6.696378,4.604261,-1.396865,-2.815205
333,2,6718,6.195055,4.064362,-5.207653,-3.852158
333,2,3282,-1.235122,-4.461559,3.70687,5.577124
334,2,7305,-6.237062,-2.725688,5.527142,6.756043
334,2,2695,6.408697,5.610668,-4.240626,-4.530045
335,2,8475,5.919481,7.205461,-1.956995,-6.062888
335,2,1525,-5.598222,-2.626389,6.194448,5.78854
336,1,10000,6.521029,7.63659,-7.059497,-4.123223
337,1,10000,7.649865,9.673855,-1.983488,-3.428597
338,2,2187,-0.333096,-6.521786,7.411333,7.160729
338,2,7813,8.76035,5.692602,-3.956635,-3.973015
339,3,6671,7.183617,6.624571,-3.804175,-3.448802
339,3,1725,-0.516065,-0.364209,7.335465,8.315939
339,3,1604,6.606769,2.013454,2.634814,6.572586
340,2,4132,8.051657,5.702803,-3.15685,-4.129706
340,2,5868,-4.498411,-5.549182,6.368356,7.364249
341,2,3757,-4.43359,-6.29543,5.97186,6.571401
341,2,6243,5.59486,6.031539,-2.431751,-5.39496
342,3,5183,6.256967,6.245982,-6.760386,-5.156912
342,3,3502,2.012103,1.614502,-1.884675,0.208161
342,3,1315,-0.322511,-5.283108,4.876264,5.464793
343,2,6778,4.286806,6.249018,-1.449603,-4.998742
343,2,3222,-6.745434,-2.111166,5.982554,5.861043
344,2,5005,7.137785,7.381154,-3.205945,-2.782189
344,2,4995,-3.590569,-3.549128,5.746459,6.797121
345,3,4139,6.355471,5.492108,0.788304,-7.493355
345,3,4408,1.260267,5.485761,5.335865,-4.617466
345,3,1453,-2.704955,-3.102757,5.373148,1.250781
346,1,10000,-5.817622,-2.726887,4.60063,8.611237
347,2,9237,7.558595,7.037185,-4.463212,-7.642182
347,2,763,-3.335547,-4.00364,6.424075,5.003938
348,2,5539,-1.587198,-6.778092,5.298084,6.390763
348,2,4461,6.594441,5.44275,-3.942034,-2.017435
349,2,6597,-0.552475,-3.149629,6.888615,6.247955
349,2,3403,7.560697,6.537442,-5.262527,-4.970435
350,1,10000,7.990116,8.23334,-6.448658,-7.192289
351,1,10000,6.795423,7.765512,-6.98527,-4.277331
352,2,7263,6.345043,6.546748,-1.952147,-0.176618
352,2,2737,-5.662155,0.974266,5.848061,7.053556
353,2,9104,5.708415,8.70335,-5.31708,-5.689184
353,2,896,-2.275907,1.800005,5.953154,6.587494
354,2,6031,-4.838866,-2.899159,6.693688,7.39773
354,2,3969,4.863043,7.019187,-2.829455,-0.999709
355,2,3714,6.301957,6.381021,0.542906,-2.068605
355,2,6286,-3.771121,-0.990975,7.959714,5.376737
356,2,8579,-4.711704,-6.420629,6.84002,7.474941
356,2,1421,5.194211,6.090917,-3.660015,-1.989815
357,1,10000,9.027647,5.311851,-1.648074,-4.580641
358,2,5562,7.691848,6.916054,-4.092383,-6.117478
358,2,4438,-3.452671,-3.105523,7.890812,6.049002
359,2,6009,-2.779631,-4.646562,6.070313,6.1202
359,2,3991,7.329064,5.976398,-5.094229,-4.219392
360,2,9470,-2.795637,-5.412138,6.936447,6.477373
360,2,530,5.54307,4.964262,-1.415008,-3.645025
361,2,8197,7.31962,6.109758,-1.132934,-5.28037
361,2,1803,-4.904696,-5.083747,7.276058,6.548438
362,2,5977,6.85237,6.634659,-1.60323,-0.918422
362,2,4023,-0.074224,-4.8776,6.050902,5.411306
363,2,7234,6.612895,5.615036,-3.861628,-2.662029
363,2,2766,2.294126,3.007127,4.839626,6.841969
364,2,5232,4.345135,8.391412,-4.36705,-0.933823
364,2,4768,-3.42195,-1.943707,3.418567,5.160587
365,2,7954,-3.905608,-6.280522,8.837707,6.105869
365,2,2046,7.324705,5.029413,-3.124231,-0.621236
366,1,10000,1.205635,-5.086648,5.206308,5.395115
367,2,9048,9.044598,7.60015,-5.618934,-4.987552
367,2,952,0.21826,0.769835,4.58965,5.709007
368,1,10000,5.15022,7.137278,-10.233587,-1.065401
369,2,9932,6.77296,6.804977,-3.958721,-5.808581
369,2,68,0.258936,-0.848045,4.87242,4.506758
370,2,7045,-8.066441,-4.221914,5.825566,5.581057
370,2,2955,3.315643,5.494016,-0.675291,-4.312071
371,2,9132,6.3058,6.439962,-5.164954,-6.432799
371,2,868,-4.956302,-5.122263,5.064971,6.047315
372,2,8298,4.546978,5.489446,-7.113242,-5.856773
372,2,1702,-6.096453,-3.498041,3.551349,5.848869
373,2,3550,3.743291,6.641751,-7.084689,-5.078131
373,2,6450,-3.709858,-2.381141,4.176107,7.484453
374,2,8905,0.002682,0.282188,4.11808,7.598277
374,2,1095,6.90855,6.552151,-6.005897,0.855043
375,3,1738,0.853611,0.480761,0.913762,0.115718
375,3,4027,6.036001,7.11004,-3.052942,-6.232659
375,3,4235,-2.966792,-4.572626,7.47095,5.89865
376,1,10000,-4.513274,-4.978843,6.28306,9.607954
377,2,5504,6.124435,9.006002,-5.397248,-1.22593
377,2,4496,-5.918295,-0.741736,6.514763,8.941183
378,1,10000,-2.333496,-6.199251,6.661926,9.008368
379,1,10000,-4.350582,-3.502652,5.192142,7.499446
380,2,9477,8.33531,7.081102,-3.385329,-6.47839
380,2,523,-0.374806,-0.29054,8.335635,4.978553
381,1,10000,9.495514,9.038282,-4.988336,-9.448586
382,2,3946,-1.758823,-5.015019,7.155343,6.487291
382,2,6054,8.013545,6.639103,-3.178069,-5.208673
383,2,7180,-1.738683,-5.152977,5.173464,4.823338
383,2,2820,6.758431,4.384603,-4.399156,-3.302905
384,2,8177,-4.867553,-3.268007,7.987558,7.241229
384,2,1823,4.818732,8.527889,1.2415,-3.495136
385,2,5182,-3.684016,-4.526155,6.579819,5.088011
385,2,4818,6.725243,7.142304,-5.916788,-3.959378
386,1,10000,5.785511,8.644271,-6.526791,-5.109476
387,1,10000,-4.437293,-3.972541,5.721641,8.917659
388,2,9895,4.722775,7.012575,-0.257186,-6.336046
388,2,105,-1.023485,1.408788,5.44185,5.117135
389,2,5767,-4.561092,-5.476983,6.832352,6.664413
389,2,4233,7.808162,6.158583,-4.716462,-5.162488
390,2,9818,2.109959,0.83716,-2.642237,-0.737736
390,2,182,4.077503,5.499798,-3.919276,-4.600248
391,2,8583,6.302686,7.576981,-4.226509,-3.780264
391,2,1417,-1.255116,-2.940453,6.041075,7.179562
392,2,5619,2.896624,6.214462,-2.046938,-1.86086
392,2,4381,-8.732625,-1.59206,4.519486,7.998371
393,2,5715,-5.73875,-2.5769,7.745037,7.110887
393,2,4285,6.321616,7.073949,-1.821471,-3.454853
394,2,5064,7.50167,6.806682,-5.074963,-0.505703
394,2,4936,-0.907523,-5.892724,6.788562,7.250462
395,3,3552,-3.027734,-6.420459,6.884363,5.994701
395,3,3091,7.410382,4.873704,-5.042104,-5.242135
395,3,3357,3.018067,0.541951,-2.807916,0.0539
396,2,6013,8.276618,8.19387,-4.465821,-2.41968
396,2,3987,-3.264747,-0.946169,6.556954,6.35722
397,2,3155,-3.430904,-4.294477,6.453617,5.08224
397,2,6845,7.458164,6.322441,0.286896,-5.599934
398,2,1203,-0.758404,0.902882,6.579226,4.146612
398,2,8797,8.129951,6.143688,-4.178821,-7.951252
399,2,9977,6.187377,6.129017,-2.187806,-2.408011
399,2,23,-1.415447,-4.598474,4.555237,3.777916
400,1,10000,-5.191583,-4.313618,6.889401,8.81365
401,2,5597,-3.858436,0.215543,7.510868,0.126819
401,2,4403,6.793401,6.592656,2.680997,-2.139067
402,1,10000,-5.431728,-4.372278,6.560971,9.196775
403,2,4902,7.023697,4.52078,-4.519301,-7.324815
403,2,5098,-5.047369,-4.869377,6.748684,3.567019
404,2,5344,6.180788,5.370852,-1.487549,-1.883413
404,2,4656,-4.531494,-7.432747,6.332776,6.518503
405,2,7488,-5.566384,-4.603945,8.668375,6.305493
405,2,2512,7.20229,6.249121,-2.746544,-2.906753
406,2,9858,-2.656405,-2.312352,7.401594,9.077305
406,2,142,6.864308,5.144552,0.965713,1.53599
407,3,7957,7.116831,0.504416,0.139024,7.609789
407,3,1926,-3.480452,-4.754205,3.235052,8.077909
407,3,117,7.187138,6.533741,-2.350218,1.258281
408,2,7759,8.330465,7.805773,-2.096416,-1.68768
408,2,2241,-4.130087,-2.741189,6.864614,7.852537
409,1,10000,6.497681,4.814051,-2.662197,-5.932205
410,2,4778,7.588919,7.172009,1.219417,0.316368
410,2,5222,-0.650609,-5.878091,7.277478,5.700594
411,2,9201,2.330712,-4.887083,4.357636,7.161654
411,2,799,6.936487,1.29987,-4.355255,1.934978
412,2,6576,-1.817158,1.489582,8.928468,7.272822
412,2,3424,5.327595,6.138753,0.943516,-2.1184
413,1,10000,-5.714385,-3.084916,5.468123,5.260269
414,2,7624,8.391633,6.05163,-4.173235,-5.711608
414,2,2376,-2.315347,-2.912864,5.727264,6.720026
415,2,9568,9.257585,8.247071,0.45402,-4.100319
415,2,432,-1.456682,1.598476,6.183435,6.458118
416,1,10000,8.9841,7.273859,-6.059107,-2.478829
417,2,9395,-5.057427,-5.087443,8.609071,6.724642
417,2,605,6.33413,6.023275,-1.781045,-3.551379
418,2,7981,-2.073665,-6.448683,8.118663,6.574311
418,2,2019,8.147934,5.507493,-1.839046,-1.729456
419,2,2826,-2.193448,-5.746593,5.67027,6.911288
419,2,7174,5.95096,4.567541,-6.608444,-2.229179
420,2,4027,-4.325388,-2.622368,6.965946,7.326045
420,2,5973,5.820078,9.233919,-3.78503,-2.332979
421,3,4804,5.727634,5.855333,-6.024056,-2.632531
421,3,1755,0.819335,5.853467,5.068475,2.035465
421,3,3441,-3.67411,-6.965108,6.005635,6.059246
422,2,3018,7.836406,7.608401,-1.567752,-0.977248
422,2,6982,-2.481828,-5.206671,8.264878,7.82968
423,2,9119,-5.710951,-6.557477,7.620605,7.072483
423,2,881,6.968998,5.714434,-4.875161,-5.689819
424,2,5080,1.353052,0.779544,3.803294,6.399829
424,2,4920,7.396687,6.580687,-4.321926,-1.279576
425,1,10000,6.557309,5.973713,-2.83146,-6.568459
426,2,8085,-5.19943,-2.322382,8.307325,5.425724
426,2,1915,6.291803,6.332347,-0.036099,-2.689487
427,1,10000,-3.536701,-6.975173,6.904039,8.781261
428,1,10000,7.501446,6.67145,-6.490916,-2.979024
429,2,8685,-4.189683,-6.126852,8.232031,6.890945
429,2,1315,6.679192,4.632993,-1.717444,-3.791005
430,2,9005,-6.788755,-2.438282,6.408226,7.286471
430,2,995,4.269737,6.08191,-2.940922,-3.636645
431,2,8123,4.90849,8.569741,-8.50665,-2.900636
431,2,1877,-5.927109,-0.017773,3.723007,5.528616
432,1,10000,-7.468078,-7.316681,6.507002,7.680898
433,2,8041,8.11892,6.906541,-5.855732,-5.469025
433,2,1959,0.212,-3.582464,6.145012,7.383003
434,3,5105,2.66592,5.869776,6.346981,3.149056
434,3,3132,7.48902,6.546616,-1.151134,-1.784736
434,3,1763,-0.191504,-0.017925,6.6778,5.164105
435,1,10000,6.780998,7.133441,-5.555766,-5.80851
436,3,6559,6.156129,6.682364,-1.663901,-6.258678
436,3,3222,3.788716,2.272895,5.331584,4.712284
436,3,219,-2.842534,-3.214548,6.172811,4.71285
437,2,4097,-7.222749,-4.301855,7.101859,5.297074
437,2,5903,5.067623,6.331667,-0.788153,-3.569606
438,2,4884,-2.976286,-1.631,8.048598,6.480375
438,2,5116,7.089351,8.454776,0.099673,2.684294
439,2,9906,6.551477,5.931067,-3.294527,-4.08328
439,2,94,-1.034016,-3.151382,4.07558,4.6747
440,3,6295,7.673206,1.9947,-3.282019,2.166215
440,3,2962,0.016568,-3.672526,7.073715,6.989066
440,3,743,8.106984,7.020431,-5.882475,-2.987642
441,2,8105,7.704424,7.236997,-6.142851,-3.139234
441,2,1895,0.313776,-2.688506,4.103665,6.020092
442,1,10000,-6.683437,-9.926173,3.506138,7.666099
443,2,9589,-6.399785,-6.717869,6.343486,7.571717
443,2,411,5.78209,5.757865,-1.114386,-4.393869
444,1,10000,5.666805,8.393548,-5.4049,-5.647645
445,1,10000,-6.071844,-8.275176,8.629863,6.412062
446,2,5312,-0.425482,-4.59143,-0.619849,-0.311464
446,2,4688,-6.568913,-9.403047,5.226065,5.850162
447,2,3592,6.265801,6.388677,-1.572212,-0.422968
447,2,6408,-4.669358,-0.100759,7.405689,6.853922
448,2,5567,-2.987212,-4.986397,5.826761,8.141214
448,2,4433,5.616183,6.083527,-3.132679,-4.386383
449,2,8127,-1.345941,-4.809281,3.365421,5.419169
449,2,1873,6.152592,6.107679,-9.517133,-1.457039
450,3,4055,7.24306,6.817282,-1.999806,-2.809661
450,3,4139,-1.362228,-5.169094,8.937551,8.647595
450,3,1806,7.003385,1.626926,2.60802,6.452693
451,2,9926,6.587057,5.528467,-3.48387,-6.290643
451,2,74,-0.074522,1.808704,4.565107,3.588876
452,3,4451,-7.85566,-1.460545,7.630798,6.737354
452,3,4536,5.078991,9.221137,0.778458,-1.310856
452,3,1013,0.351714,2.494898,2.545063,0.191416
453,2,1432,5.75521,5.716726,-2.693257,-0.98476
453,2,8568,-5.753165,-4.585011,6.401346,6.599014
454,2,4200,4.888135,3.761587,-8.638156,-0.416536
454,2,5800,0.96664,-2.137376,-1.485406,0.901565
455,2,8503,-7.318003,-0.789681,7.075611,8.031688
455,2,1497,4.57543,7.222079,-1.951864,-2.765246
456,2,7984,-3.776238,-3.343947,8.742776,7.678621
456,2,2016,8.12205,8.059594,1.124411,-1.31397
457,3,4711,6.163807,6.621254,-3.520874,-3.820292
457,3,3136,6.089719,0.73946,2.758935,5.695096
457,3,2153,-6.221492,-3.154077,5.721751,7.707792
458,1,10000,6.50694,5.936111,-3.925486,-4.935395
459,2,5104,-5.38975,-2.901936,6.901152,5.875546
459,2,4896,6.399411,8.992271,-3.818602,-4.65218
460,2,8137,-8.527899,-3.603228,7.284708,7.701322
460,2,1863,3.919632,5.682184,-2.50437,-1.384991
461,1,10000,7.272463,8.88654,-3.207082,-5.153739
462,2,5016,3.791231,4.678387,-1.678899,-2.102892
462,2,4984,-5.553047,-5.083544,6.885943,6.178456
463,3,4829,-3.514733,-8.147058,5.599571,8.18339
463,3,2743,5.739669,4.048194,-5.313697,-2.689467
463,3,2428,0.466424,-2.310056,0.341777,2.148743
464,1,10000,4.454472,7.836559,-2.723793,-6.099716
465,2,6151,5.800441,7.752964,-2.255262,-3.29706
465,2,3849,-1.505589,-2.468317,5.321281,8.68208
466,2,5507,-0.578692,-0.888802,6.445137,8.727689
466,2,4493,5.335385,9.106993,-0.932235,-3.054149
467,2,6303,-2.672755,-4.040309,5.996547,7.378359
467,2,3697,5.142771,7.845852,-5.604995,-4.892571
468,1,10000,7.843199,4.735021,-4.90354,-4.197523
469,2,9042,7.424159,7.291227,-5.049686,-3.963107
469,2,958,1.958749,-0.63727,5.101804,6.183913
470,2,9114,-4.55086,-3.914605,8.697237,5.490267
470,2,886,6.636079,6.623488,0.630495,-5.785906
471,1,10000,6.538907,7.044998,-3.703052,-8.396905
472,2,8328,6.760383,1.395442,2.066997,8.791413
472,2,1672,1.344039,1.17326,5.536659,9.35944
473,3,5228,-1.148245,-4.89689,8.179049,6.713664
473,3,1430,3.625402,4.465367,6.424794,1.631428
473,3,3342,8.056578,5.576902,1.505604,-2.343041
474,1,10000,-2.532981,-2.468131,7.050421,7.656735
475,2,9771,-2.991228,-0.977955,6.835073,7.956763
475,2,229,5.464492,6.609023,0.241981,-3.013564
476,2,9850,5.417783,7.392584,-7.114519,-5.614202
476,2,150,-2.511364,-0.164818,4.607535,6.395405
477,2,4398,-1.528952,-2.913937,7.101741,6.636208
477,2,5602,6.886454,7.179076,-5.433378,-1.888281
478,2,8131,6.438368,6.121613,-3.645432,-5.667177
478,2,1869,-0.851125,-2.883607,7.323416,6.78262
479,2,7074,-1.730371,-4.840201,6.489606,6.680268
479,2,2926,4.373668,5.926717,-2.911993,0.08778
480,2,2135,6.17086,8.15459,-2.706146,0.041116
480,2,7865,-2.034816,-3.355578,6.199881,8.878507
481,1,10000,4.964109,6.30148,-3.378337,-4.952247
482,1,10000,7.012125,5.753503,-4.728302,-9.191668
483,2,7526,-2.362778,0.005891,0.265517,-1.263167
483,2,2474,-8.305747,-5.090848,6.659002,4.266687
484,2,9330,6.736241,4.943401,-7.434602,-4.209391
484,2,670,-0.911905,-5.527255,4.832411,7.422045
485,2,9261,-8.088586,-6.385155,6.382004,8.421566
485,2,739,4.720242,5.334206,2.490406,-1.114026
486,2,8025,7.333613,7.655453,0.295707,-6.436902
486,2,1975,0.359103,2.01888,7.355457,2.971215
487,2,4468,0.217212,0.425172,-3.553213,-0.309377
487,2,5532,6.209616,6.069129,-9.107462,-5.34598
488,3,2571,-4.781029,-1.964408,4.247553,6.453523
488,3,2096,0.106905,0.546244,-1.053815,0.733056
488,3,5333,6.664437,5.361349,-7.762904,-3.643304
489,2,4834,1.363482,1.667713,-2.548404,-1.342661
489,2,5166,6.350944,7.945249,-9.67274,-3.389312
490,1,10000,7.07949,7.521341,-4.073884,-5.324414
491,3,6096,-2.77021,-2.467607,7.54191,6.220717
491,3,3037,7.206975,5.800902,-4.754958,-1.860045
491,3,867,6.32379,4.678907,1.600622,3.466001
492,2,7230,-1.907379,-6.025961,7.257148,7.994612
492,2,2770,4.065375,5.43279,0.377847,-0.659175
493,2,8579,3.499666,8.387366,-4.573805,-1.413071
493,2,1421,-0.692627,2.316564,3.449233,4.64575
494,3,8692,4.676172,0.116917,7.823062,5.891561
494,3,1066,7.490701,5.792455,2.190148,-4.928438
494,3,242,0.083764,-6.216001,8.6677,5.892028
495,3,1797,-4.850505,-2.658041,5.744013,5.248797
495,3,6863,1.351825,0.286881,1.420617,-1.333292
495,3,1340,5.633982,4.883396,-4.606577,-7.087093
496,1,10000,-6.758555,-2.279893,7.455017,3.89172
497,2,5678,-1.457147,-4.805946,7.720662,6.431903
497,2,4322,7.147009,5.15007,-4.974294,-4.53661
498,2,3282,-5.465354,-4.167899,7.407126,6.705387
498,2,6718,5.749927,7.468096,-0.136244,-1.897952
499,2,8927,6.656093,6.96099,-2.385946,-1.687906
499,2,1073,-2.096757,-3.721547,4.334053,5.712351
500,1,10000,9.534829,7.6074,-2.788007,-11.076453
501,2,7912,-4.781182,-2.902648,7.02059,7.904893
501,2,2088,6.373515,5.0795,1.416498,0.922461
502,1,10000,-1.731595,2.860889,6.823859,2.424955
503,3,7617,-3.292038,-2.546886,6.914838,7.174966
503,3,2205,7.846805,5.358485,0.895674,-0.313163
503,3,178,7.847665,5.358542,-5.414421,-3.753891
504,2,7884,-4.367987,-5.970509,7.439276,7.310022
504,2,2116,6.377326,3.659201,-3.874312,-2.141586
505,2,9010,-3.51532,-6.411708,8.897659,6.645348
505,2,990,7.559517,5.193486,-0.801959,-0.791421
506,2,7249,-4.265085,-3.445876,6.787531,7.638774
506,2,2751,6.868236,6.922637,-3.893841,-3.608525
507,2,7522,-1.030523,-6.127282,7.006746,7.016487
507,2,2478,6.65579,2.609869,-2.586966,-0.806098
508,2,5366,6.317836,6.715016,-1.86173,-2.285373
508,2,4634,-0.967908,-5.309578,7.200892,6.377526
509,1,10000,8.43372,8.511057,-8.671487,-6.611834
510,2,9762,-4.722294,-1.517382,6.476302,6.866182
510,2,238,7.332048,6.05949,-3.541858,-3.817481
511,2,8908,7.16388,7.247526,-5.643142,-3.248865
511,2,1092,-1.876769,-0.267607,6.054096,7.521683
512,1,10000,7.39462,6.042498,-6.772825,-4.03909
513,2,7545,-2.216447,0.61515,8.490873,7.834239
513,2,2455,7.10618,7.651062,1.814889,-3.014908
514,1,10000,-4.270413,-4.636912,7.200785,6.494681
515,2,6924,-5.602317,-3.279214,7.053601,7.360307
515,2,3076,6.297663,5.729918,-3.914036,-1.485771
516,2,7353,-4.324441,-2.362993,4.374492,6.680627
516,2,2647,5.758945,6.884686,-8.429514,-1.991491
517,2,9675,5.561204,7.059499,-5.16996,-3.209141
517,2,325,-1.117008,0.03047,4.540349,6.96669
518,1,10000,-4.115106,-5.379232,6.549145,6.215595
519,2,2748,-1.749817,0.798554,9.034585,6.481552
519,2,7252,5.740573,6.406014,-2.992758,-0.960733
520,2,9044,-6.401904,-6.371216,5.255642,5.388575
520,2,956,6.084176,5.33372,-3.048743,-1.222029
521,2,4056,0.794844,-1.867615,1.588992,6.140134
521,2,5944,6.925648,7.971379,-1.599987,-0.141756
522,2,3804,8.160235,5.496686,-3.618445,1.521247
522,2,6196,7.693899,2.244647,0.530618,5.322582
523,2,6780,5.646276,6.717526,-4.414732,-5.645331
523,2,3220,-2.990922,2.48225,2.609833,6.746182
524,3,484,0.198305,-2.096813,3.947477,5.791684
524,3,4232,1.360367,-0.436633,-2.2601,1.313822
524,3,5284,6.903142,5.788975,-5.460509,-5.039471
525,3,2002,1.189738,-1.438206,2.125174,-0.988223
525,3,4583,6.992089,5.194569,-0.907864,-8.140326
525,3,3415,-1.537842,-5.668173,7.876942,4.344418
526,2,5296,4.696465,7.256064,-6.047897,-8.763524
526,2,4704,1.313299,1.440633,0.354235,-2.816312
527,2,9815,8.583578,7.398148,-2.456843,-0.949944
527,2,185,-0.938791,-0.290909,7.066377,5.49299
528,4,4882,-4.323524,-0.916721,6.731229,8.544604
528,4,3245,5.660576,9.198862,1.487064,2.993758
528,4,723,5.661163,9.213214,-3.274996,-1.502847
528,4,1150,4.724419,2.92113,3.179158,7.248856
529,2,2579,-1.342964,-2.877716,8.52526,6.762108
529,2,7421,7.30488,6.281665,0.915568,-1.148749
530,2,5955,6.195785,7.919736,-4.857572,-6.66872
530,2,4045,1.456104,1.438237,0.200373,-0.660717
531,3,1653,1.041755,2.087238,2.479603,-0.443953
531,3,3565,-3.10028,-1.764074,8.742327,4.870077
531,3,4782,5.80181,7.913298,-3.532653,-7.629616
532,1,10000,-6.147405,-5.464581,8.603915,9.203322
533,2,8612,7.197815,8.067826,-5.572165,-0.742219
533,2,1388,-0.582788,-2.42261,6.736256,7.987974
534,3,4807,-6.302418,-5.597364,4.219489,6.868804
534,3,4663,-1.520937,0.495185,0.781783,0.456419
534,3,530,4.260471,6.054362,-3.462464,-4.582457
535,1,10000,-5.750736,-4.921299,9.286835,5.401015
536,2,7537,7.017332,5.632274,-3.083109,-1.48299
536,2,2463,-2.939172,-3.080397,4.8553,6.792547
537,2,4559,1.078477,2.960659,4.864269,1.381955
537,2,5441,3.840682,6.111108,-0.165275,-6.147749
538,2,7202,7.328772,6.395277,-6.316275,-2.699237
538,2,2798,-2.219821,-3.163395,6.867064,5.538202
539,2,4237,6.799346,7.348256,-4.097278,-5.24267
539,2,5763,-2.070272,-3.169491,6.405019,6.437225
540,2,7197,7.006146,3.862007,-1.926454,-4.929955
540,2,2803,-4.108468,-4.742012,8.193775,4.037804
541,3,2808,7.860748,4.781375,-2.450441,-1.576711
541,3,3639,-4.555215,-4.147213,7.729825,6.128513
541,3,3553,1.596334,-0.228409,-1.112229,0.12591
542,2,1898,5.540925,3.87569,-3.443584,-1.494595
542,2,8102,0.149893,-4.007816,5.501075,6.455438
543,2,8011,6.740651,7.537501,-3.081828,-4.949239
543,2,1989,-2.940404,-4.417843,4.85322,6.370906
544,3,6267,7.590538,6.537427,-3.823721,-4.997448
544,3,1564,1.72541,6.536314,4.882006,0.993023
544,3,2169,0.867476,2.55347,6.811208,7.517556
545,2,7908,9.749304,7.329486,-1.15628,-4.494927
545,2,2092,-2.603193,-3.593663,6.850962,4.855321
546,2,7265,6.376149,4.292434,-7.13743,-2.906157
546,2,2735,1.575146,-1.698475,4.219047,7.431927
547,2,9089,-4.565604,-1.092454,7.667197,4.929649
547,2,911,4.889856,6.114394,-2.008881,-2.697837
548,1,10000,-0.470016,-0.54095,6.789442,9.345776
549,2,2888,5.776105,7.396442,-1.722569,-2.578507
549,2,7112,-0.461464,-1.682445,5.647452,9.688652
550,3,4258,6.589325,2.857451,0.557037,5.403184
550,3,2125,7.513414,6.938513,-4.873685,-0.383383
550,3,3617,-3.698739,-3.642101,5.759205,7.374109
551,2,9180,-4.687626,-5.04149,6.67844,7.107634
551,2,820,5.620719,3.787237,-5.127868,-2.352503
552,2,7132,8.61496,6.678658,-2.426716,0.123552
552,2,2868,1.389763,-3.879745,7.007183,6.549621
553,3,6698,3.218401,4.545433,5.359085,3.577422
553,3,1969,5.326697,5.367871,1.241021,-2.408288
553,3,1333,-1.481101,-3.753976,5.83152,6.028202
554,2,9526,2.658923,5.860552,5.891706,0.51132
554,2,474,-2.864641,-0.941878,8.096582,5.859166
555,2,8470,8.852016,6.868518,-3.630125,-0.979087
555,2,1530,-1.443012,-1.384107,6.110069,8.163628
556,1,10000,7.651422,6.637863,-4.349307,-6.799025
557,2,6787,6.932976,6.10543,-3.767017,-6.427033
557,2,3213,-0.023181,1.070903,7.068895,5.601336
558,1,10000,7.289769,4.189473,-4.824375,-0.076836
559,2,7071,-3.844568,-2.237666,6.092336,7.041528
559,2,2929,5.056697,6.414325,-2.666805,-2.323201
560,3,5196,-4.366784,-2.572498,6.66031,8.70731
560,3,330,6.31058,8.581359,-1.299892,-2.639539
560,3,4474,1.799398,6.649115,5.500064,3.254059
561,2,2030,7.39385,5.772757,-1.834816,1.566289
561,2,7970,-2.440826,-6.217872,4.477714,9.038079
562,3,4598,4.511708,7.94541,-3.265769,-4.488432
562,3,5118,-4.676966,-3.21267,8.285542,6.523789
562,3,284,3.916956,3.044144,2.087581,5.207741
563,2,5581,6.599449,4.359166,-2.327411,-1.851096
563,2,4419,-2.954805,-5.302682,5.64459,6.225767
564,2,6529,-7.197958,1.834441,5.78268,1.941162
564,2,3471,1.483491,5.561364,2.134655,-1.813378
565,1,10000,-5.662488,-3.313442,7.830421,6.153983
566,2,375,-1.212321,-3.264674,8.372375,4.694321
566,2,9625,8.35948,6.022732,-2.391478,-3.802248
567,2,5285,6.499563,6.436131,-2.391413,-6.64387
567,2,4715,-6.424888,-5.512787,6.715227,5.336188
568,1,10000,-6.127458,-2.665231,8.099087,7.321499
569,2,5520,2.516512,0.308422,0.135601,2.434811
569,2,4480,5.633463,5.769234,-5.233031,-3.196193
570,2,4652,-0.451621,-7.817613,4.657398,6.149069
570,2,5348,6.885709,4.58207,-7.108613,-3.899874
571,2,8769,-6.895892,-5.087582,6.181911,6.071186
571,2,1231,3.230349,5.166328,-0.103584,-3.497418
572,2,9614,-7.518704,-4.513481,6.187602,7.81968
572,2,386,4.165332,4.60811,-5.501712,-1.603416
573,1,10000,6.525985,5.57777,-9.686363,-3.581286
574,1,10000,-2.358495,-4.926376,7.20568,7.017428
575,3,5353,0.598901,7.387906,6.426119,-0.110116
575,3,3713,7.012193,7.822843,-2.65876,-4.194508
575,3,934,-0.94281,2.731047,8.904985,6.15566
576,3,4164,3.249629,6.305422,2.815491,-0.106604
576,3,1983,7.639258,6.404348,-3.155176,-6.224875
576,3,3853,-3.038027,0.827123,8.805583,2.680392
577,1,10000,0.801758,2.578145,5.808748,4.735619
578,2,5189,5.017209,8.873632,-0.089583,-2.812171
578,2,4811,-8.0027,-3.723365,8.065688,6.425184
579,2,8436,6.943424,7.224694,-0.43432,-5.543222
579,2,1564,-3.315011,-1.282549,5.079235,3.988497
580,2,5733,-8.060465,-2.237134,6.919136,7.036171
580,2,4267,4.301234,8.810587,-0.85131,-2.862438
581,2,6729,6.38691,6.18945,-1.139444,-5.811386
581,2,3271,-4.553915,-3.943055,7.675299,5.878267
582,2,8510,7.104079,6.037987,-7.097726,-3.880114
582,2,1490,1.079684,-3.521433,4.526841,8.072711
583,2,2441,6.43204,6.941706,-3.613392,-2.514243
583,2,7559,-4.659288,-1.39028,8.280283,6.504319
584,2,2684,6.938588,6.10722,-1.682854,-4.363002
584,2,7316,-3.572163,-6.379105,7.328759,6.400458
585,3,3333,-3.921259,-0.453115,7.083554,6.534208
585,3,2492,6.478219,8.766366,-3.969806,-4.251481
585,3,4175,2.359551,5.582695,6.738955,2.736845
586,2,8778,6.79471,7.222795,-3.97222,-6.489577
586,2,1222,-5.31553,-2.901345,4.468835,5.430565
587,2,8973,-2.875113,-6.121445,6.978454,6.204998
587,2,1027,5.681662,5.463208,-3.755674,-0.435617
588,2,7064,-5.241548,-6.221051,6.261337,7.342204
588,2,2936,7.285598,5.202047,-2.662404,-1.926134
589,2,9295,7.829101,6.842875,-3.699203,-8.649075
589,2,705,-2.900178,-2.269129,6.780033,2.640023
590,2,6539,-4.138445,-2.435113,5.573065,8.112289
590,2,3461,7.494045,6.88329,-5.283611,1.322711
591,2,9783,6.215783,8.219941,-6.522245,-4.748372
591,2,217,-2.418586,-0.915883,4.236468,4.582971
592,2,7232,-5.247555,-4.337735,6.61143,6.993095
592,2,2768,5.856447,6.538984,2.376976,-1.559874
593,1,10000,-1.227837,-2.256957,5.913725,6.544306
594,1,10000,8.035779,8.124127,-6.58238,-3.223813
595,2,2805,5.666633,7.573761,-5.205789,-3.786884
595,2,7195,-5.177915,-5.382454,5.62214,7.689651
596,2,5220,7.805897,7.07029,-2.496606,-2.22615
596,2,4780,-2.500685,-1.537324,8.470124,7.348014
597,2,3057,6.109404,6.819743,-3.052948,-2.20922
597,2,6943,-4.2745,-4.614879,5.129208,8.221181
598,2,6744,-3.509145,-3.57799,7.518087,6.722959
598,2,3256,7.755791,6.985927,-4.026618,-3.942957
599,2,4805,5.428218,8.649753,-1.21842,-4.637328
599,2,5195,-6.243665,-0.022556,6.696184,7.308846
600,2,3794,-1.446951,-4.706516,6.846409,7.443794
600,2,6206,8.59777,6.145366,-5.596478,-2.057944
601,2,9664,-3.799607,-3.027113,6.934806,4.996951
601,2,336,4.136832,6.732115,0.640329,-3.409885
602,2,7924,7.298927,3.294988,-4.813841,-0.554543
602,2,2076,-1.047318,-7.010729,5.620495,3.644687
603,1,10000,8.074968,6.150852,-2.107105,-5.27785
604,3,3383,1.76202,6.858017,5.785772,0.88464
604,3,5461,7.13924,6.912161,-5.451728,-4.716055
604,3,1156,-0.38212,0.085902,6.695164,5.940157
605,1,10000,-7.291394,-6.426007,7.240609,5.963652
606,2,8860,-5.227622,-4.161546,7.643518,7.986769
606,2,1140,5.917654,8.206655,-2.344164,-3.859266
607,1,10000,7.991345,9.248061,-5.107972,-7.45185
608,2,8725,6.574743,6.900714,-6.698172,-4.988862
608,2,1275,0.731732,-0.813951,0.276051,6.148941
609,2,9031,-2.690165,-0.921902,5.226799,7.346795
609,2,969,5.422962,5.549315,-7.356249,-0.261489
610,2,4831,-2.306187,-5.572026,4.651264,5.807523
610,2,5169,6.79178,6.90318,-7.351476,-7.276393
611,1,10000,7.560457,8.453999,-1.640231,-0.805862
612,2,9761,7.713747,6.581956,-4.2924,-3.699065
612,2,239,-3.216718,-3.240171,6.772519,6.97238
613,1,10000,-3.855292,-5.24626,5.989979,8.332506
614,3,3875,6.457263,8.051546,-6.642663,-0.646251
614,3,3542,-4.903522,-3.757315,5.166628,6.791198
614,3,2583,6.420532,2.559674,-0.803038,4.717932
615,2,619,0.42778,-0.621513,5.354088,5.739801
615,2,9381,7.14817,8.50999,-6.205141,-4.825221
616,1,10000,-8.338109,-7.899984,7.316721,4.410363
617,2,4526,-3.259837,-4.02295,7.93813,3.699014
617,2,5474,5.892018,6.444844,-0.371061,-8.661538
618,2,7155,7.178719,6.276216,-1.056174,-2.020954
618,2,2845,-0.261247,-2.44523,5.206884,6.271931
619,2,5607,4.988748,7.351115,4.24651,0.589813
619,2,4393,-2.313813,-2.914713,6.647948,6.107485
620,2,1697,-2.314637,-2.779168,6.470758,7.392
620,2,8303,6.771297,9.055003,-6.36337,-4.419641
621,2,5061,8.305273,5.743973,-6.692039,-2.013753
621,2,4939,0.480249,-1.010678,5.743019,6.13688
622,2,3112,4.313722,0.121489,5.516831,7.050438
622,2,6888,8.859537,7.448127,-3.33009,-1.187283
623,2,7589,5.47798,0.878753,-7.462086,0.718483
623,2,2411,1.294805,-2.124117,4.776203,6.460232
624,2,6087,-4.062109,0.062797,6.883525,5.566255
624,2,3913,6.34366,6.665795,-0.377761,-2.576561
625,3,7732,7.547652,3.88036,2.949054,4.798293
625,3,1641,2.250073,3.754145,7.31155,5.534725
625,3,627,-1.801199,-2.689909,7.327129,6.392929
626,2,9684,9.285015,7.563892,-4.179505,-5.709299
626,2,316,0.886797,-0.625686,5.00754,6.687034
627,3,4775,6.40037,5.585921,-4.290281,-1.771694
627,3,2614,0.45701,-0.510595,1.400433,2.291857
627,3,2611,-4.780347,-3.659548,6.666545,6.985024
628,1,10000,-4.278074,-6.126382,9.301905,8.430124
629,1,10000,-7.501966,-7.740343,8.364243,6.743061
630,2,1956,1.55842,-3.376676,9.01321,7.201009
630,2,8044,7.867359,7.665676,-0.415985,-2.55624
631,1,10000,-5.723223,-4.345679,4.498216,5.654419
632,2,8358,-7.452754,-7.765167,6.126641,7.891097
632,2,1642,0.012845,3.498599,0.195072,-2.382898
633,2,7699,-3.994763,-5.903912,8.159737,8.087173
633,2,2301,6.835657,6.0852,-3.993576,-2.978642
634,2,1902,5.534914,5.912748,-4.793569,-4.161986
634,2,8098,-1.550626,-4.615635,6.831524,6.680576
635,1,10000,-6.210735,-8.514114,6.738642,7.569191
636,3,3986,-0.880161,0.958951,-0.600821,0.963522
636,3,3464,-6.467779,-4.09754,5.048348,6.896046
636,3,2550,5.708277,7.241484,-2.895791,-2.432439
637,3,5523,2.182154,2.147902,4.007789,5.915619
637,3,3356,6.973639,6.531845,-3.120878,-4.221783
637,3,1121,-3.623419,-4.243874,4.353917,5.980984
638,2,8891,-7.480451,-0.650855,7.318938,9.187917
638,2,1109,4.334794,6.430655,-2.415256,-1.067314
639,3,1976,7.044851,7.381842,-2.936599,-1.552203
639,3,4068,7.034961,2.303582,0.644464,5.98248
639,3,3956,-5.188993,-3.635235,6.575281,9.204631
640,2,2686,-3.023369,0.117549,6.567265,4.917002
640,2,7314,6.678032,7.726366,1.776409,-6.769944
641,3,2762,-4.863705,-5.547306,5.568642,6.998672
641,3,3097,-0.079003,1.622138,-1.215535,0.776259
641,3,4141,4.836623,7.017812,-6.098905,-3.798967
642,2,3757,7.289282,5.272846,-7.379051,-0.213372
642,2,6243,-2.281275,-5.9376,4.26669,5.683935
643,2,6122,7.262534,6.350684,-3.815118,-4.256359
643,2,3878,-3.4551,-5.673029,5.602006,6.163481
644,2,9426,6.359748,7.497488,-5.761146,-4.466067
644,2,574,-2.252891,-5.237207,3.919052,7.30107
645,4,2499,-8.333414,-4.754864,6.095535,5.512495
645,4,3017,1.303554,6.739722,1.665319,-4.062636
645,4,3531,4.308607,6.99259,-2.296304,-4.378319
645,4,953,-5.071075,0.472488,1.673745,0.974296
646,3,2191,6.168782,6.761457,-4.033972,-5.193385
646,3,3635,-5.935087,-4.943377,5.731383,5.436905
646,3,4174,-0.164275,-3.280264,0.464481,0.30518
647,2,8047,6.80409,6.315097,-2.254615,-6.164369
647,2,1953,-4.598716,-3.004963,5.936572,4.854659
648,2,6184,-3.259051,-3.936586,6.721795,6.737386
648,2,3816,3.98301,6.778589,-1.45541,-1.472057
649,2,9962,7.636509,7.541836,-6.035109,-1.659186
649,2,38,1.025086,-0.121934,5.52356,7.913361
650,2,8515,4.489751,8.444649,-5.391445,-5.858827
650,2,1485,-1.802509,2.771306,6.069472,3.905022
651,1,10000,9.598365,9.259151,-4.572155,-5.366033
652,2,9214,-3.98152,-3.339189,8.669114,6.011992
652,2,786,5.869754,6.254447,-0.165377,-5.527714
653,2,7067,-2.451417,-6.54839,7.626369,7.055442
653,2,2933,6.777758,6.431505,-2.711412,-0.018165
654,2,6277,5.245881,6.474768,-3.824283,-2.378744
654,2,3723,-0.461972,1.165757,5.918986,6.018809
655,2,9390,-1.378958,-7.650621,8.958907,6.843463
655,2,610,6.575264,4.920228,1.251525,-2.724683
656,1,10000,-7.47904,-1.944287,6.808201,8.613633
657,1,10000,-3.594568,-5.682497,8.641162,7.958511
658,2,5946,-5.914639,0.951041,7.184575,6.870104
658,2,4054,3.479441,5.501429,0.957556,-4.631304
659,2,5570,-4.228487,-3.018846,4.462174,5.526663
659,2,4430,5.289775,5.041824,-6.837458,-2.563712
660,2,1190,7.914691,5.89864,-1.281829,-1.340243
660,2,8810,-5.142698,-3.995009,7.847588,9.28994
661,2,9254,-2.119829,-2.75902,8.462045,6.862406
661,2,746,5.806316,5.897699,0.004197,-1.519491
662,2,4007,0.107058,1.215578,7.650252,9.247239
662,2,5993,6.792999,6.473905,-2.855337,-2.70083
663,2,3105,5.786208,7.329685,-5.058205,-2.606847
663,2,6895,-3.283114,-3.722221,5.227739,6.912842
664,2,8387,-4.020983,-7.219921,7.518498,6.765768
664,2,1613,8.282286,4.920386,-4.338956,-4.249531
665,2,8078,-6.193835,-5.914882,5.12902,6.274577
665,2,1922,5.048734,6.00902,-3.609641,-3.806048
666,2,8188,-3.887468,-6.379904,9.062887,6.528065
666,2,1812,7.207064,4.681741,-1.956049,-2.655687
667,2,5617,0.204938,-2.907087,7.372166,7.172927
667,2,4383,7.452175,3.61967,-5.011141,0.698884
668,3,4228,6.462875,6.295155,-1.899202,-7.288278
668,3,1619,1.524538,-1.209786,2.148541,3.919324
668,3,4153,-4.523778,-1.629731,7.41973,3.928043
669,2,5614,6.682093,6.258746,-2.99616,-7.284389
669,2,4386,-4.162558,-0.371832,6.958984,4.222928
670,2,8580,-6.392428,-6.118816,3.30907,5.667424
670,2,1420,5.210977,6.847037,-5.880975,0.566088
671,1,10000,6.291017,6.815978,-3.098578,-1.92735
672,2,9449,6.766816,3.942723,-4.526701,-4.155039
672,2,551,-3.632591,-4.255272,6.495461,4.678393
673,2,9661,-3.100909,-4.169153,6.310324,6.341324
673,2,339,5.192466,5.407422,-4.253018,-1.635846
674,3,5024,7.453078,7.010591,-7.50451,-5.664353
674,3,4294,2.080185,1.698562,-1.54794,-0.430205
674,3,682,-2.289284,-3.514007,4.725861,5.93616
675,1,10000,8.202048,5.999143,-7.306747,-4.063793
676,1,10000,7.62812,8.84712,-3.590457,-6.844193
677,2,4396,5.645113,7.173395,-2.610991,0.755107
677,2,5604,-5.305786,-4.275758,7.303291,6.177726
678,1,10000,7.711041,6.080217,-9.189689,-5.14983
679,2,6431,-4.398251,-2.047185,8.223736,6.667586
679,2,3569,5.419047,7.913461,2.271243,-2.135337
680,2,7514,6.453697,7.385061,-1.736436,-1.801692
680,2,2486,-3.417623,-4.064523,6.114593,8.223204
681,2,3689,6.602388,6.245927,0.57463,-7.076997
681,2,6311,-0.923624,1.738975,8.308693,5.146255
682,2,9537,-7.375345,-3.133431,6.990488,7.311165
682,2,463,4.786572,6.631193,-0.271971,-3.373651
683,2,4059,3.246601,-0.803829,0.163091,0.485722
683,2,5941,-0.963554,-6.393331,7.075265,6.97668
684,2,6732,6.698815,7.525697,-8.231791,-5.736013
684,2,3268,-1.877603,-1.595431,2.256056,5.154362
685,1,10000,-0.534023,0.405669,5.671901,1.22024
686,3,3826,7.117685,5.85209,-3.216847,-1.899493
686,3,4958,-2.892653,-0.74552,6.551201,1.785837
686,3,1216,-3.530521,-5.585247,6.766413,6.710696
687,2,3876,-1.255007,-2.858265,7.299475,4.451429
687,2,6124,7.365231,5.03337,-2.348523,-1.85542
688,2,9691,-2.193611,-6.24541,7.257787,6.463274
688,2,309,6.37237,4.87308,-1.366598,1.054092
689,2,5388,-0.204326,-4.682599,6.732902,7.838193
689,2,4612,8.09883,5.13217,-5.753758,-3.333245
690,2,5227,-2.851533,-7.271672,5.294393,5.930846
690,2,4773,7.259435,3.317184,-4.631364,-2.201245
691,2,6217,-4.047429,-2.62063,6.834823,8.202159
691,2,3783,6.082733,7.247765,-4.023213,-3.581031
692,3,3108,3.588131,7.316296,2.139197,-5.46623
692,3,2811,-4.95106,0.504222,6.543242,4.88281
692,3,4081,-1.133232,2.311586,2.655007,0.914242
693,2,4427,3.463283,4.740913,-4.434927,-4.628225
693,2,5573,-4.002018,-3.556588,6.919893,7.353186
694,3,7350,-4.673419,-3.900671,7.244124,8.57523
694,3,1912,3.64071,6.755109,3.474093,2.875808
694,3,738,4.907941,7.837495,-1.880093,-3.28167
695,2,2053,7.224072,5.71252,-1.863913,-3.054875
695,2,7947,-3.51153,-7.211402,8.591154,8.79864
696,2,1367,5.485507,5.436842,-1.366044,-1.842802
696,2,8633,-6.131429,-4.366383,7.221172,5.759762
697,2,2328,-3.94169,-1.537337,7.317538,6.186652
697,2,7672,6.087448,9.449458,-4.360472,-5.276434
698,2,8582,5.775684,7.669968,-4.3997,-1.757954
698,2,1418,-1.899512,-1.233053,4.428904,7.204482
699,1,10000,-7.531422,-4.858157,5.637485,6.126008
700,1,10000,-8.041469,-7.706984,7.961208,5.029705
701,2,5545,8.211431,7.850557,-2.79374,-3.942211
701,2,4455,0.133604,1.802319,9.053746,7.828911
702,2,2455,-1.983687,-2.369851,5.647044,7.661449
702,2,7545,6.478583,8.826689,-6.235564,-2.117912
703,1,10000,6.124127,6.829956,-6.624739,-8.320718
704,1,10000,-3.323414,-2.394322,8.388232,6.682718
705,2,9709,6.858764,6.920371,-4.407767,-2.971841
705,2,291,-1.148589,-2.985456,4.676165,5.494993
706,2,6673,-5.906996,-3.42837,8.033158,3.889027
706,2,3327,6.764647,7.447668,-1.366895,-6.46607
707,2,5708,-4.28382,-5.893949,6.172457,5.911025
707,2,4292,6.713468,6.341904,-6.049612,-6.291218
708,2,5973,-4.055279,-4.010307,7.5318,6.055533
708,2,4027,6.55017,7.036377,-2.044989,-5.793781
709,2,6269,-2.627666,-4.303444,5.342365,6.152942
709,2,3731,4.855031,6.306389,-2.022233,-2.242004
710,2,9306,-5.484744,-5.533264,7.324354,7.503514
710,2,694,1.147138,7.035779,2.200818,-1.493034
711,1,10000,-3.113604,-8.631667,5.551581,7.663191
712,2,8129,7.783951,7.524504,-5.199087,-3.673137
712,2,1871,0.54588,-5.141166,5.452436,7.398415
713,3,8131,5.765489,7.530196,-4.016,-4.794674
713,3,1556,0.794786,1.915377,6.003544,6.738649
713,3,313,-5.175548,-0.606825,6.003594,6.738936
714,3,2064,0.094821,-0.115374,4.154163,6.613204
714,3,7396,6.954459,6.280457,1.374478,1.677467
714,3,540,6.954733,6.917329,-2.306037,-4.915918
715,2,6770,-3.195702,-3.758158,6.928573,7.515076
715,2,3230,7.650472,7.032228,-1.193493,-1.538869
716,2,8675,-3.608593,-5.244386,5.941935,8.373929
716,2,1325,6.711769,5.957254,-6.337029,-0.103033
717,1,10000,6.57424,6.024782,1.818159,-9.930285
718,2,9692,6.449694,4.715343,-6.244766,-3.263832
718,2,308,-1.33605,-6.825159,4.16988,5.876756
719,2,5028,-2.250187,-3.233793,6.686689,5.457179
719,2,4972,6.726121,4.045034,-5.498409,0.157089
720,2,5867,6.259799,7.886667,1.936322,0.541076
720,2,4133,-5.141487,-1.939662,7.967282,5.361334
721,4,3048,-3.742782,-4.495403,7.485898,7.172403
721,4,4600,7.049307,6.819048,-1.785497,-2.443885
721,4,2136,5.837147,2.135752,2.341099,4.865899
721,4,216,2.005656,6.330577,6.820677,3.18055
722,3,5037,-2.887975,-4.273422,6.559407,5.158959
722,3,1817,6.136854,5.703134,-2.409283,-3.974207
722,3,3146,0.550167,-0.598401,1.997081,-1.16036
723,1,10000,-5.622524,-5.256499,6.767132,7.425391
724,2,9719,-8.879126,-4.067295,4.680318,7.642189
724,2,281,3.507342,6.174551,-3.41239,-2.321167
725,3,3530,-4.833717,-3.929014,7.128606,6.021964
725,3,5875,2.952165,5.205836,5.512026,0.290189
725,3,595,5.465106,6.340061,-0.636261,-2.908776
726,1,10000,6.937225,7.9543,-6.128633,-1.116064
727,2,8994,3.5128,1.502236,7.622345,6.000319
727,2,1006,-0.359389,-3.902449,8.208562,6.124771
728,2,9165,7.297096,9.36717,-5.680305,-7.459851
728,2,835,-4.985594,-0.357541,6.258912,4.8409
729,2,9804,5.888198,2.766855,4.100144,4.695657
729,2,196,-3.116279,-2.03737,7.28951,5.779431
730,1,10000,8.476622,7.287562,-3.986989,-5.764197
731,3,2511,0.68368,-0.341125,2.71008,-1.224264
731,3,4301,-4.46162,-3.103597,7.166032,5.332281
731,3,3188,6.126831,5.740994,-2.075654,-7.401877
732,2,2518,-2.970103,-0.215076,7.345879,6.225913
732,2,7482,5.578073,7.163534,-1.699276,-6.067127
733,3,3225,-5.798082,-3.80115,6.54302,7.704298
733,3,6327,6.628424,3.2423,1.758848,6.537126
733,3,448,6.634096,5.429518,-2.407439,-1.725092
734,2,9170,6.431987,7.098646,-8.89195,-4.090105
734,2,830,0.157464,-2.254814,2.40374,5.224083
735,2,6865,-3.924866,-3.167955,6.85863,5.984357
735,2,3135,3.279005,7.422529,-0.490936,-5.860374
736,3,2721,-0.865864,-3.01473,5.642101,3.584519
736,3,4714,1.267235,-0.740975,-0.925161,-0.192118
736,3,2565,4.999918,4.578141,-6.228431,-3.441337
737,2,7017,2.422196,-7.184916,5.86783,7.667565
737,2,2983,4.832102,1.149677,-0.916964,1.438699
738,2,7325,-6.960813,-3.208388,7.048254,7.768125
738,2,2675,5.71492,6.535281,-0.450855,-1.686849
739,2,9545,7.509462,8.11016,-8.861245,-5.181999
739,2,455,0.392608,-2.71752,3.907796,6.609919
740,2,5551,-1.366551,-1.317198,5.701003,5.808364
740,2,4449,6.147013,8.168567,-1.915799,-2.578185
741,3,5945,5.987586,2.045706,0.154841,5.371875
741,3,1392,-3.394567,-2.892656,6.748317,7.275484
741,3,2663,6.114693,6.170254,-5.613737,-0.373609
742,1,10000,-4.468446,-1.980042,6.576438,9.385396
743,3,2488,4.192206,-1.827256,2.619996,4.858729
743,3,1147,7.139977,5.34239,-0.540648,-1.381981
743,3,6365,-2.344706,-6.044261,6.297189,5.749085
744,1,10000,5.729173,5.522573,-10.10434,-7.274636
745,3,4459,-2.593386,-6.232424,7.085846,3.644024
745,3,3860,7.241962,5.644341,-2.456129,-7.356458
745,3,1681,1.572622,0.045942,0.557059,-1.999474
746,2,6265,6.932057,6.595742,-4.085985,-6.11982
746,2,3735,-4.002177,-2.292916,6.637044,5.599572
747,3,4118,-3.439279,-1.744495,6.190926,7.978647
747,3,2506,4.157412,2.55672,0.908383,5.183902
747,3,3376,5.674123,6.516182,-1.419321,0.949637
748,2,7257,6.4985,8.067419,-7.607609,-2.218391
748,2,2743,1.162962,1.47028,-3.651681,1.697576
749,2,8295,4.979302,7.528782,-3.069942,-3.670829
749,2,1705,-4.431833,-2.335432,5.36755,5.988963
750,2,6438,6.553079,4.483581,1.172792,0.333546
750,2,3562,-0.16399,1.149333,6.242949,6.952141
751,2,1984,-3.117615,-0.144057,6.63726,4.52537
751,2,8016,3.363722,3.876694,0.30281,-5.794813
752,1,10000,6.4117,3.767665,-4.375938,-3.853134
753,1,10000,6.643716,6.722429,-5.530595,-4.65001
754,2,2828,8.835113,5.575941,-0.868888,-1.974451
754,2,7172,-1.964456,-5.234842,7.486968,7.807247
755,1,10000,7.563826,8.769856,-5.889466,-2.648182
756,1,10000,7.797267,6.853502,-1.570736,-5.689018
757,1,10000,5.613518,6.828893,-4.380724,-7.433585
758,1,10000,5.257862,7.363978,-2.435607,-7.655159
759,1,10000,5.176402,8.022906,-4.277677,-1.496233
760,2,6702,-4.782539,-4.088802,6.417107,6.315736
760,2,3298,5.83609,7.467707,-1.358468,-0.824836
761,1,10000,0.462435,-5.449839,7.027095,5.724675
762,2,2857,5.910368,7.835857,-3.545405,-3.753642
762,2,7143,-2.994035,-3.26293,5.909466,6.772733
763,2,1663,-2.680764,-4.214039,4.964361,6.43859
763,2,8337,4.936615,6.666509,-5.820622,-5.225901
764,2,6894,-4.918562,-3.935761,6.360019,6.882337
764,2,3106,5.116544,6.290006,-1.550684,-3.395457
765,2,5829,5.554946,7.178873,-2.553439,-3.608357
765,2,4171,-6.598381,-1.797258,4.67961,7.43638
766,2,7015,-4.630272,1.56898,7.536592,2.754187
766,2,2985,5.677771,8.083838,-1.941287,-8.333139
767,1,10000,6.939482,4.732936,-4.531427,-2.257542
768,2,9340,8.747816,7.174331,-4.117481,-6.684707
768,2,660,-2.41211,-2.454817,4.979906,5.030849
769,2,4859,7.143248,4.697131,-7.02084,0.112573
769,2,5141,-0.456636,-0.945812,5.098535,8.411218
770,3,4973,9.396202,6.209136,-3.955575,-1.718093
770,3,3394,2.87775,4.91876,6.776514,6.047606
770,3,1633,-3.154434,0.175239,7.038984,7.989404
771,1,10000,-1.702978,0.925089,5.226789,1.770933
772,1,10000,-2.069881,-4.554182,7.777727,7.369282
773,3,3347,0.222639,-3.315765,7.768426,4.650278
773,3,790,6.558021,6.911248,-0.930205,-2.034887
773,3,5863,5.50432,6.495283,4.616579,2.873334
774,2,9017,7.026426,7.939103,-3.92974,-5.201848
774,2,983,-0.90632,-0.976987,5.222892,6.697375
775,2,7712,6.944551,8.221573,-5.663933,-2.333793
775,2,2288,-1.263762,0.3097,6.362631,5.56597
776,1,10000,-5.742508,-5.622496,7.725667,6.807502
777,2,8147,6.870064,7.219452,-6.002408,-2.408276
777,2,1853,-2.00093,-4.037672,4.460158,6.893965
778,1,10000,-7.477076,-2.675994,6.021282,6.609084
779,1,10000,-3.552901,-8.092354,4.776053,6.028293
780,2,4066,4.593565,6.101844,-5.154747,-4.015473
780,2,5934,-3.062168,-4.397895,4.677131,7.899442
781,2,8197,-3.166577,-2.507306,7.882989,7.150244
781,2,1803,7.169791,6.629183,1.344723,1.447407
782,2,6033,5.566657,7.071949,-5.32953,-3.201867
782,2,3967,-4.836242,-0.047428,4.915642,3.296349
783,2,7294,-1.201485,2.742432,8.39017,6.152693
783,2,2706,-0.799582,5.26582,2.426814,-1.761356
784,2,7490,-2.505171,-6.244657,5.947958,6.169105
784,2,2510,7.036523,4.424749,-3.152681,-0.4841
785,2,9328,0.49886,-4.464638,5.944394,6.580821
785,2,672,8.44342,7.057734,-1.1868,-0.173309
786,2,5277,7.784381,6.222479,-3.161119,-2.762457
786,2,4723,0.495238,-3.393053,6.695241,7.692617
787,2,6496,-5.006759,-4.557278,6.229857,5.64653
787,2,3504,6.144119,5.879985,-4.386041,-2.814645
788,2,2856,5.766735,5.638778,-3.110012,-4.608414
788,2,7144,-5.050053,-3.245962,5.596993,8.059448
789,2,1208,0.674004,2.749435,7.130957,6.245753
789,2,8792,5.091428,6.861659,1.867119,0.143541
790,3,6638,8.142988,7.766049,-7.957281,0.094822
790,3,1725,0.64021,-2.625094,3.389401,6.832854
790,3,1637,1.726728,0.532638,-0.944598,2.925749
791,2,3024,-1.732988,-1.551555,7.865873,4.308381
791,2,6976,7.596603,5.72779,-2.338409,-7.707598
792,3,6328,5.045758,-0.308005,-1.984445,7.05782
792,3,2835,-6.622616,-4.931143,4.457507,8.317542
792,3,837,5.243396,6.199848,-8.543131,1.170686
793,1,10000,-6.240071,1.952835,6.835956,4.701095
794,1,10000,7.053655,7.987545,-5.002605,-4.517801
795,2,5944,7.97934,5.67114,-1.121118,0.534421
795,2,4056,-2.728688,-5.441589,5.952341,7.622793
796,2,5563,3.788315,7.714953,0.647368,-4.312909
796,2,4437,-5.263167,-4.983475,6.933035,6.507473
797,2,4071,1.242226,-1.160977,5.060352,6.344328
797,2,5929,7.171471,4.547647,-6.171843,-0.180654
798,1,10000,-5.949132,-4.441214,7.930415,7.494274
799,2,9070,7.05058,7.461524,-6.320207,-4.877433
799,2,930,-1.604775,-4.395487,6.662518,7.058394
800,1,10000,-1.415477,0.103255,-2.385312,-0.2536
801,2,3901,4.36833,7.249184,-2.310029,-3.466505
801,2,6099,-5.386639,1.938384,4.7607,3.791755
802,1,10000,1.663654,4.028345,6.435495,1.269542
803,2,6435,-4.401523,-2.44559,6.994159,7.068489
803,2,3565,6.849963,7.66752,-1.615882,-5.224915
804,2,5429,-4.253488,-2.421664,4.908218,3.101887
804,2,4571,5.920801,7.193264,-3.503038,-3.429753
805,2,5291,-3.774086,-5.373337,6.865583,7.015849
805,2,4709,7.399626,6.496212,-2.968177,-3.22557
806,2,8979,-5.071094,-2.815728,8.732333,7.285607
806,2,1021,6.263814,6.62803,-3.509333,0.126074
807,3,2037,2.339289,1.285259,1.651453,-0.510032
807,3,3121,-1.045636,-3.387211,6.375254,4.837859
807,3,4842,6.709087,7.394213,-3.30705,-2.826133
808,2,9914,5.061226,8.502238,-1.869304,-6.136203
808,2,86,-4.910735,-2.074467,8.148157,5.217183
809,2,6891,-7.219791,-4.308597,6.235778,9.11858
809,2,3109,4.459203,6.021004,-3.985914,-0.514485
810,2,8572,6.154804,9.678963,-6.979875,-4.65663
810,2,1428,-3.25245,-1.215468,5.04024,6.023325
811,2,6640,-5.142317,-5.347149,5.157656,7.222212
811,2,3360,6.766331,6.694575,-1.567845,-0.744327
812,2,9847,7.648874,6.966539,-5.934285,-7.083544
812,2,153,-0.756278,-2.730902,7.070559,5.636765
813,2,9457,5.874149,5.149049,-2.638835,-4.968489
813,2,543,-3.358367,-0.75636,5.785519,2.962873
814,2,3388,3.367124,6.316264,0.46127,-0.362594
814,2,6612,-6.08278,-5.011416,7.180156,5.869434
815,1,10000,5.041247,6.061439,-7.841808,-7.244258
816,2,8860,1.454551,-4.126192,5.067212,8.19345
816,2,1140,5.380565,6.728323,-6.288989,0.367486
817,2,3440,6.750806,6.498725,-3.146951,-1.935775
817,2,6560,-4.403995,-5.159132,6.49857,6.880163
818,2,6781,1.130247,0.866242,6.488834,6.430545
818,2,3219,6.10144,3.839718,-3.747949,-0.546419
819,2,4183,5.453907,6.282572,-1.542255,-6.007916
819,2,5817,-1.318264,-1.606208,7.82439,5.814965
820,1,10000,-2.777529,-3.72376,8.482882,9.003138
821,2,1141,-1.809012,1.054497,7.311196,6.184587
821,2,8859,6.036771,8.919849,-2.491179,-4.869802
822,2,5333,6.722393,2.290226,-0.437774,3.706488
822,2,4667,-4.899629,-3.382055,5.788243,4.549478
823,2,7461,6.791901,6.366114,2.733052,2.106984
823,2,2539,7.39746,6.368547,-3.753478,-3.398174
824,1,10000,-9.032619,-2.510263,5.995454,3.152912
825,2,4343,-2.844689,-4.529597,6.591085,7.414748
825,2,5657,6.714732,6.219344,-3.22867,-4.145469
826,1,10000,5.941133,6.522715,-3.353423,-6.715742
827,2,9118,5.881382,6.08534,-5.949263,-2.368217
827,2,882,-2.58826,-4.064941,5.574639,7.214081
828,1,10000,-5.456545,-6.515292,6.497925,7.634658
829,2,6831,8.027589,6.410915,-5.901772,-5.755836
829,2,3169,-3.851751,-4.655864,6.134236,5.624911
830,2,8706,-1.33768,-1.544393,9.163491,6.793407
830,2,1294,7.681522,7.462724,-0.411647,-2.487508
831,1,10000,-2.364504,-6.632993,5.758875,7.209476
832,2,8338,-9.472385,-6.850016,5.956593,6.98004
832,2,1662,2.359671,5.070332,2.925737,3.493424
833,2,8007,7.433331,6.274294,-1.635897,-7.257097
833,2,1993,-4.448024,-0.18033,9.158023,4.656437
834,2,9677,-2.727493,-5.445546,8.643382,7.82458
834,2,323,7.031835,5.372522,0.323591,-3.410716
835,3,4067,1.952579,-1.122466,0.071747,1.399703
835,3,2906,7.191538,4.442758,-5.335602,-0.909854
835,3,3027,-2.696396,-6.459984,5.261539,6.510512
836,2,7698,5.347463,6.571424,-6.605408,-5.383838
836,2,2302,-4.116441,-1.572401,5.698668,7.326932
837,2,5893,6.194545,7.053453,-4.176171,-1.319609
837,2,4107,1.009964,-4.862936,4.642291,6.405529
838,1,10000,-6.814719,-5.041137,7.046663,3.369538
839,2,9144,-5.811503,-5.222531,7.096323,6.216137
839,2,856,4.67505,6.02451,-0.575323,-2.595402
840,1,10000,-3.156811,-0.022979,6.224701,7.891219
841,2,9498,8.58322,5.426431,-3.750843,-5.210086
841,2,502,-2.608931,-6.255006,5.986797,4.692116
842,2,9730,-8.435156,-5.505798,6.20658,5.417362
842,2,270,4.123733,3.418749,0.419203,-0.568074
843,1,10000,-4.093647,-8.308976,4.45534,7.349386
844,2,3498,-1.46981,-3.658578,6.811332,4.730883
844,2,6502,5.819153,5.300039,-4.062233,-6.631506
845,1,10000,8.076409,8.441106,-4.891756,-7.975743
846,1,10000,2.868525,3.124298,-9.058722,-1.023329
847,1,10000,1.93543,5.625962,-5.299886,-5.300319
848,2,8531,-5.748363,-4.070363,4.870569,8.109342
848,2,1469,6.425895,6.83115,-3.929215,-1.61012
849,2,9738,-3.801748,-4.928229,6.398715,8.750805
849,2,262,4.785642,7.875492,-2.194485,-3.688256
850,2,4199,0.969335,-5.817284,3.471279,5.563536
850,2,5801,7.996629,6.384006,-6.937643,-3.063531
851,2,6541,-0.868075,2.386512,6.980322,7.095068
851,2,3459,2.857061,3.820287,-0.359891,-1.498839
852,2,6742,-2.021177,-2.206011,6.120928,6.276874
852,2,3258,6.800777,6.9152,0.152249,-5.50121
853,3,1346,7.64746,8.601525,-3.551513,-5.063017
853,3,1206,2.760359,7.090675,2.52441,-1.349343
853,3,7448,1.214633,0.804131,8.559856,7.041639
854,2,9284,6.60324,6.84061,-8.295852,-4.573285
854,2,716,-2.068003,-4.366936,3.89917,7.077552
855,2,3726,5.931164,6.489408,-3.278557,-3.490619
855,2,6274,-3.269636,-3.87973,7.903796,6.726534
856,2,9006,-4.746715,-3.799061,9.453529,6.009853
856,2,994,4.145165,5.393286,0.785985,-3.126797
857,1,10000,-7.283713,-4.502263,5.653758,6.24118
858,2,7773,7.207376,5.416351,-4.699765,-0.935645
858,2,2227,6.296101,2.583599,-1.030564,4.550682
859,2,7930,9.642316,6.876873,-5.06162,-5.174221
859,2,2070,-1.025301,-2.922213,6.238362,6.10407
860,1,10000,7.148834,6.244698,-3.303211,-10.165108
861,1,10000,-6.298961,-7.829732,8.881781,4.781936
862,1,10000,-8.458628,-3.722523,6.965771,8.027979
863,3,4229,1.299724,6.255978,2.448857,0.010728
863,3,2683,7.169915,9.352271,-0.351452,-0.148915
863,3,3088,-4.811791,0.135996,6.963683,5.111352
864,2,7994,6.920521,6.825582,-6.163304,-4.001876
864,2,2006,-4.348231,-2.561836,5.423339,6.093493
865,1,10000,6.204715,6.24967,-3.749769,-7.085925
866,3,6002,7.296116,3.953208,-2.787953,2.058336
866,3,1656,3.991918,-1.991894,2.097384,6.778866
866,3,2342,2.244506,-5.650902,3.786457,7.693432
867,2,8732,7.301925,6.604882,-4.464948,-3.301794
867,2,1268,-2.373281,-0.719992,5.881508,7.992531
868,2,7040,-2.936743,-3.681433,5.27009,6.136846
868,2,2960,5.602177,3.430203,-2.719865,1.987975
869,3,1696,3.906249,1.024879,1.481838,5.974217
869,3,8124,6.651467,6.771324,-5.120604,-6.429978
869,3,180,-0.264636,-1.768695,6.285714,6.080813
870,2,8392,-0.480466,-6.283661,8.331877,8.170498
870,2,1608,8.418407,6.400449,-4.55578,-2.810233
871,3,3817,6.670361,7.044394,-3.792975,-2.627871
871,3,2207,6.634855,3.436204,2.411988,5.195352
871,3,3976,-4.244372,-3.046904,8.415708,6.615449
872,2,9678,-2.810925,-7.183498,7.809418,7.644756
872,2,322,6.013446,4.165126,-4.13547,0.875283
873,2,8575,6.828408,6.822847,-5.509692,0.074755
873,2,1425,-0.752081,-1.478382,4.683364,7.155526
874,2,5445,5.853922,5.798588,-6.690983,-0.254905
874,2,4555,-1.056153,-1.060539,4.251004,7.917624
875,2,6691,5.27966,7.622766,-5.382567,-3.6434
875,2,3309,-3.107119,-2.235254,4.950072,8.160049
876,2,5644,7.161422,5.11971,-1.368807,-5.410696
876,2,4356,-4.49602,-2.994288,6.421117,4.987386
877,2,4295,7.547712,7.49115,-4.530196,-3.003555
877,2,5705,-2.935504,-3.964714,7.684035,6.88778
878,1,10000,-5.630881,-2.748114,7.723499,7.854668
879,2,9467,-8.629203,-3.301267,7.137257,9.834225
879,2,533,2.9775,6.349767,0.734373,-0.340025
880,2,8828,6.868239,8.761135,-8.333933,-3.232695
880,2,1172,-2.763359,-3.614885,3.39613,6.32693
881,2,9098,-8.433174,-4.365652,7.571064,6.567583
881,2,902,4.37079,6.252956,-2.00559,-4.621157
882,1,10000,4.737265,7.68171,-1.691073,-5.298537
883,1,10000,3.566242,6.79666,-3.575286,-3.78003
884,2,5696,8.054116,7.292008,-5.543145,-2.107088
884,2,4304,-1.456102,-4.654441,5.847757,6.421832
885,3,3639,3.588627,-0.092175,6.73403,7.12976
885,3,5612,7.907567,6.960954,0.382232,-4.588433
885,3,749,3.988483,5.762121,3.695775,0.524252
886,2,8291,-2.448865,-4.165567,6.735244,5.724744
886,2,1709,5.529885,6.76814,-3.950151,-3.83718
887,2,7861,-4.507945,-1.809237,5.584797,6.53995
887,2,2139,5.368418,6.850778,0.83235,-1.774906
888,3,5208,0.817406,-3.686455,0.423784,4.994676
888,3,4622,5.925665,8.170876,-7.65604,-1.969335
888,3,170,-2.489849,-3.93646,3.210755,8.328058
889,2,4004,-1.273393,-0.203268,7.772521,6.46351
889,2,5996,6.615659,6.434157,2.74418,0.326693
890,1,10000,-8.350832,-5.273065,7.594264,7.36848
891,2,8154,5.179349,7.726682,-6.259179,-3.067375
891,2,1846,-1.74857,-2.568345,6.730658,7.720808
892,2,7438,-4.207294,-4.889302,6.033157,7.6241
892,2,2562,6.384674,6.84175,-0.623878,-4.167956
893,1,10000,2.954209,5.238254,0.637119,0.157136
894,2,2705,-3.574832,-2.607982,6.228008,6.312374
894,2,7295,5.831328,6.992122,-6.37962,-2.971196
895,2,5110,2.220131,-2.36586,3.448052,5.998371
895,2,4890,6.103879,5.74916,-3.014288,-4.827673
896,2,9577,7.385399,6.963256,-9.346593,-5.814337
896,2,423,3.08234,-1.869497,1.127707,4.254886
897,2,3946,-8.290401,-4.111824,6.495879,6.48006
897,2,6054,4.592714,4.509695,-4.862385,-4.978491
898,1,10000,5.29063,8.598597,-2.158109,-3.394001
899,3,8408,7.008337,6.796906,-7.751812,-2.936814
899,3,1534,0.412699,2.323664,4.591452,5.089589
899,3,58,-3.384627,-2.180918,4.59166,5.741772
900,2,3183,6.866765,6.608174,2.235873,0.171168
900,2,6817,-2.684384,-1.944649,6.951225,5.774084
901,2,9956,6.184361,8.068504,-3.035853,-5.701116
901,2,44,0.230939,-1.276803,6.004987,5.254825
902,1,10000,-11.152212,-1.884881,6.198947,7.81502
903,3,887,-2.538842,-6.741352,4.273111,4.900264
903,3,6190,-0.818949,-1.002724,-1.805615,-1.349046
903,3,2923,5.802464,5.131178,-6.775411,-6.49604
904,3,5939,-5.306844,-6.882143,4.904963,4.209428
904,3,3548,0.590863,-2.507242,-0.458174,-1.552215
904,3,513,6.058521,3.702934,-7.037378,-1.910035
905,2,1794,6.425858,6.152551,-4.149125,-4.717223
905,2,8206,-1.922363,-4.395497,5.626019,6.64491
906,2,7487,8.08092,5.978601,-4.870431,-3.602695
906,2,2513,-1.950647,-2.201052,4.406062,8.042738
907,3,8043,-6.87295,-5.061457,7.525352,6.403669
907,3,1709,3.399995,7.164344,0.990208,-3.320849
907,3,248,3.969706,7.166728,-1.052625,-3.683832
908,2,2162,-2.845932,-2.614528,7.971795,4.825265
908,2,7838,7.046613,6.988505,-2.682658,-4.642913
909,3,5518,1.159411,1.282484,2.326752,-2.587259
909,3,3118,6.779469,6.309512,-4.827573,-6.631462
909,3,1364,-3.476951,-6.204562,7.358973,5.751623
910,1,10000,0.777889,-0.031585,0.980439,0.34446
911,2,8786,5.201497,3.087118,-4.188461,-0.495661
911,2,1214,-0.355664,-4.28136,4.108807,4.883466
912,2,6689,6.026483,7.821849,-5.093632,-6.074098
912,2,3311,-2.651403,0.706242,6.832101,4.058675
913,1,10000,-9.762541,-5.951529,6.839708,6.6847
914,2,7159,-5.674218,-3.313192,8.325799,5.105453
914,2,2841,6.843855,5.912287,0.708199,-2.979065
915,1,10000,7.380058,7.911935,-3.800532,-2.827375
916,3,4227,-6.490689,-4.609823,7.019365,6.471448
916,3,4584,-1.562619,0.361251,1.40824,0.764246
916,3,1189,2.047635,3.677634,0.436783,-2.772188
917,1,10000,-3.110018,-0.95069,6.060231,5.371315
918,2,7056,-3.662018,-6.317971,6.99076,8.08335
918,2,2944,5.607171,3.207154,-4.91468,1.563187
919,2,8787,6.988792,6.071353,-3.346766,-3.319104
919,2,1213,-2.440925,-4.000078,7.961983,6.337096
920,1,10000,6.297908,3.235695,-5.417806,0.678581
921,3,7918,1.790384,-5.489407,0.76098,5.773882
921,3,1628,5.479996,6.039205,-5.06948,0.441717
921,3,454,-3.649355,-6.079947,6.151585,8.339475
922,2,8698,9.618258,6.553754,-3.557925,-1.24705
922,2,1302,1.731546,-3.196926,8.615987,7.432482
923,1,10000,7.344436,6.125404,-3.122218,-2.259513
924,1,10000,6.252723,7.908188,-8.654899,-8.821912
925,3,8802,0.924284,5.948507,1.437545,-3.291018
925,3,308,6.064431,7.21476,-4.691803,-3.871283
925,3,890,-4.726483,0.380261,6.12717,4.443088
926,1,10000,9.407798,6.064521,-5.206422,-5.289864
927,2,5037,7.53041,4.43866,-6.315978,-6.132906
927,2,4963,-0.622719,-3.702147,4.931325,4.483652
928,2,4884,-3.643255,-4.552329,6.935669,5.515038
928,2,5116,6.130639,6.491389,-1.144012,-4.395331
929,2,8028,-6.789424,-3.248147,7.838251,7.17264
929,2,1972,4.755764,6.571379,0.803817,-2.247643
930,2,9806,-2.705304,-4.679699,7.310796,6.866693
930,2,194,6.119953,6.934807,-0.090109,-1.358431
931,1,10000,7.064208,7.209081,-5.678769,-3.250662
932,2,8158,-5.501172,-3.531659,7.837729,7.142324
932,2,1842,4.366338,8.223412,-4.469814,-1.646108
933,1,10000,6.908828,7.427254,-6.057545,-4.996962
934,2,5895,-5.106058,-7.397539,5.694188,8.566326
934,2,4105,6.49792,4.59952,-0.906446,-1.268388
935,1,10000,-7.600081,-4.304095,6.258051,8.387091
936,2,7615,5.257946,3.712537,-4.924305,-0.967777
936,2,2385,-4.824531,-4.31802,5.590542,6.734569
937,1,10000,5.841943,4.329432,-6.346502,-2.614
938,2,3291,-0.570332,1.209369,5.791959,6.416183
938,2,6709,6.291288,5.578091,-6.69737,-4.599329
939,2,9297,-4.183827,-4.567447,6.793514,7.332286
939,2,703,7.397454,8.13155,-1.92962,-4.814373
940,2,7280,8.275288,7.891316,-2.734327,-1.865916
940,2,2720,-3.493308,-2.435626,7.387222,8.423485
941,2,5007,1.658296,2.32967,-4.669253,-1.52741
941,2,4993,6.068063,4.185495,-11.099569,-4.682126
942,1,10000,-6.777363,-4.176896,8.187557,5.426359
943,2,5874,8.773595,6.505219,-5.124333,-0.327389
943,2,4126,-0.614204,-4.186711,6.746044,7.842046
944,1,10000,7.063987,4.441233,-2.566246,-6.434848
945,2,7905,6.934619,7.225535,-4.430646,-1.168258
945,2,2095,-5.739328,-2.938449,5.426531,7.336878
946,1,10000,6.997631,8.219153,-4.396584,-4.325764
947,2,9184,-4.245734,-1.771821,8.493656,6.427452
947,2,816,5.691629,6.563813,-0.739915,-1.920621
948,2,8577,-4.571074,-5.481463,6.69062,7.021719
948,2,1423,6.830801,6.115761,-2.777533,-5.504969
949,2,8822,8.190847,6.590555,-3.895501,-1.736825
949,2,1178,0.0882,-2.173949,6.063428,6.356294
950,1,10000,7.151879,6.706428,-5.601643,-5.739678
951,3,5631,-6.925093,-1.342164,6.699648,5.355025
951,3,2422,4.582904,7.314996,-0.324886,-2.800489
951,3,1947,-0.212984,0.399409,1.332629,2.098389
952,2,9001,7.189192,7.209023,-5.875405,-2.079248
952,2,999,-2.20245,-3.949868,6.869406,6.787493
953,2,5296,-1.060005,-3.342977,7.536146,7.650483
953,2,4704,7.590874,6.844639,-4.768398,-3.666199
954,2,8616,5.626562,5.801353,-5.784792,-4.801476
954,2,1384,-3.216451,-4.565766,4.316354,5.086565
955,2,3067,-3.61262,-1.497771,6.250101,5.246584
955,2,6933,5.679762,8.831563,-2.826622,-4.227993
956,1,10000,-1.877967,-0.829468,9.537245,8.561758
957,2,8186,-3.42114,-8.228038,5.410901,6.066395
957,2,1814,6.070016,4.160099,-1.461997,0.021704
958,2,4315,4.966051,6.371381,-4.583574,-1.529507
958,2,5685,-7.015705,0.734829,5.318929,7.371345
959,2,4648,4.950511,6.04593,-5.843761,-5.814032
959,2,5352,-5.452154,-4.734897,5.986901,6.888402
960,2,5588,-2.354134,-4.939484,7.484627,8.714383
960,2,4412,7.247707,6.33141,2.263219,3.266933
961,2,9109,-5.271709,-3.658778,6.569706,8.785894
961,2,891,7.017326,4.748603,0.494917,2.730433
962,2,5443,-3.29386,-3.606897,6.42751,6.918652
962,2,4557,6.752697,5.9091,-4.73945,-4.697068
963,2,5302,-3.146459,-4.647619,7.376987,6.648454
963,2,4698,6.077777,6.741972,-3.675315,-4.407687
964,1,10000,-3.167635,-7.0877,7.455147,7.022609
965,2,9264,8.421261,7.411803,-1.172444,-4.482547
965,2,736,-1.023491,-1.173315,5.732252,6.710709
966,1,10000,4.460169,6.712426,2.242472,-2.482133
967,2,6967,6.283367,6.334546,-2.623216,-4.141174
967,2,3033,-4.293797,-1.651775,6.251073,6.044962
968,1,10000,1.314765,-3.739106,5.87388,5.479474
969,2,6966,-4.985307,-0.506591,8.150165,6.888341
969,2,3034,2.947672,5.450585,5.363773,1.637315
970,4,5746,6.949512,6.618997,-3.731775,-5.954464
970,4,2334,-5.206878,-0.244143,7.031474,3.413282
970,4,408,0.931181,0.751053,2.531721,3.248663
970,4,1512,0.987092,1.307403,-2.270953,0.225628
971,2,8576,5.468994,7.444186,-5.950915,-3.774459
971,2,1424,-1.042691,0.280748,6.130293,6.72921
972,2,7823,6.637426,6.139899,-2.53632,-6.163187
972,2,2177,-0.642708,-2.16185,6.982887,6.183388
973,2,4950,5.011388,6.446154,-1.75368,-3.63867
973,2,5050,-4.198889,-5.756095,4.87423,5.588873
974,2,2078,3.126115,6.252469,0.097055,-4.773609
974,2,7922,-5.44074,-4.099649,7.407582,6.383913
975,2,7867,-3.07472,-2.865486,7.266971,7.497663
975,2,2133,6.551352,6.565748,-0.789501,-3.944365
976,2,7664,5.456293,7.251852,-4.756649,-4.376951
976,2,2336,-4.945468,-4.970168,6.464986,4.655647
977,2,9956,-5.029291,0.030048,6.789786,8.730342
977,2,44,6.03137,8.181443,-1.037944,-0.826753
978,2,5696,7.094543,8.235412,-1.764575,1.357706
978,2,4304,1.156188,2.999676,5.446005,6.772032
979,2,9937,8.681885,8.432463,-5.899599,-3.993009
979,2,63,2.108146,-4.137027,3.131151,6.45489
980,2,5337,6.383792,6.775993,-4.818201,0.568004
980,2,4663,-2.592166,-5.803318,6.712225,6.192726
981,2,5959,7.073184,5.182157,-1.273028,-3.209613
981,2,4041,4.36709,2.724924,5.467835,6.355093
982,1,10000,-3.205119,-7.360267,4.069765,6.642791
983,3,3189,4.343846,7.375132,-0.519011,-3.257703
983,3,864,-4.709516,-0.895788,5.404629,5.917694
983,3,5947,1.380252,6.881946,5.383302,1.222234
984,2,9808,7.209349,8.412427,-2.989641,-4.989993
984,2,192,0.912066,1.083214,7.046393,6.288198
985,2,8435,-4.416231,-5.557575,7.84563,8.553255
985,2,1565,7.170764,6.508706,-1.316301,-0.671911
986,2,3872,6.7477,5.60275,-1.420116,3.46972
986,2,6128,-3.829406,-3.696294,6.699817,8.831411
987,1,10000,-2.806129,-5.017781,8.474305,7.327173
988,2,7223,-7.655489,-0.427237,5.780262,6.472985
988,2,2777,2.379735,6.286964,1.495599,0.090741
989,2,1252,5.843215,5.812674,-3.229568,-3.293554
989,2,8748,-6.858182,-6.889305,7.256598,7.205042
990,3,2108,1.341519,-0.534641,0.824172,1.523216
990,3,5158,-4.764854,-6.277319,6.03675,7.793018
990,3,2734,5.738025,4.279898,-6.338151,-0.050184
991,1,10000,5.312368,4.549245,-1.320568,-5.013784
992,2,2008,-4.953357,-4.813127,4.123943,6.204291
992,2,7992,6.424855,6.560268,-2.656045,-5.211569
993,1,10000,-2.468392,-9.516761,6.282006,5.751747
994,3,5914,-5.540434,-3.556156,8.519943,8.334037
994,3,2201,3.842819,0.810292,4.772108,8.114023
994,3,1885,5.620494,6.629492,-1.160138,-0.921122
995,3,7732,7.003081,5.33762,-4.324271,-1.929531
995,3,902,0.948769,-0.480974,1.718851,6.450847
995,3,1366,-2.096079,-3.537799,4.819459,7.798585
996,2,2851,6.588569,6.307889,-2.114321,-7.333299
996,2,7149,-1.602713,-2.922697,8.255389,4.223022
997,2,9699,-8.547955,-6.644832,5.982301,7.782393
997,2,301,3.280043,4.315195,-3.543956,-2.853641
998,2,5159,6.650211,3.231533,-3.396582,-3.505204
998,2,4841,0.08611,-6.984449,5.921195,6.639456
999,3,3807,-5.408296,-3.290632,7.373994,5.94034
999,3,2491,-0.966848,0.486082,0.893615,-0.382835
999,3,3702,3.989002,5.631818,-5.152732,-6.896152
1000,2,4146,-3.904109,-5.399661,6.400818,6.712454
1000,2,5854,8.34879,6.462357,-1.871822,-1.98373
